avg_policy/final_bl_level,raw_counts/first_alert_triggered,_runtime,raw_counts/mtd_actions_taken,raw_counts/time_to_first_alert,_step,epoch/avg_reward,kpi/breach_stop_rate,raw_counts/mtd_pass_actions,kpi/avg_time_to_first_alert,train/entropy,kpi/scan_defense_rate,epoch/episode,train/episode_at_update,raw_counts/outcome_exploit_blocked,raw_counts/mtd_decoy_actions,kpi/avg_time_to_breach,_timestamp,raw_counts/final_decoy_ratio,raw_counts/outcome_scan_success,kpi/exploit_block_rate,raw_counts/mtd_shuffle_actions,raw_counts/mtd_bl_actions,raw_counts/seeker_scans,raw_counts/time_to_breach,raw_counts/outcome_scan_blocked,raw_counts/outcome_scan_hit_decoy,raw_counts/final_attacker_knowledge,raw_counts/final_ip_cd,train/policy_loss,train/value_loss,raw_counts/outcome_breach_success,avg_policy/final_ip_cd,raw_counts/final_bl_level,raw_counts/outcome_breach_blocked,raw_counts/seeker_exploits,avg_policy/final_decoy_ratio
,,2.351070655,,,0,,,,,1.940117073059082,,,2.0,,,,1762900522.0702024,,,,,,,,,,,,-0.005553757132962289,125.69332733154297,,,,,,
,,2.743059121,,,1,,,,,1.932042133808136,,,4.0,,,,1762900522.462236,,,,,,,,,,,,-0.003324426104314604,105.48519134521484,,,,,,
,,3.54827754,,,3,,,,,1.9073931097984314,,,8.0,,,,1762900523.2673807,,,,,,,,,,,,-0.0022989801486261287,92.40162200927735,,,,,,
,,4.364922996,,,5,,,,,1.896701192855835,,,12.0,,,,1762900524.0840008,,,,,,,,,,,,-0.006221608022227798,63.09470062255859,,,,,,
,,4.758210798,,,6,,,,,1.8632235169410705,,,14.0,,,,1762900524.477425,,,,,,,,,,,,-0.0036292975014077912,31.975731658935548,,,,,,
,,5.213902765,,,7,,,,,1.823331618309021,,,16.0,,,,1762900524.9329998,,,,,,,,,,,,-0.0034537544094490613,26.004220008850098,,,,,,
,,5.605917347,,,8,,,,,1.795236384868622,,,18.0,,,,1762900525.3250282,,,,,,,,,,,,-0.0002151327099710443,13.845484447479247,,,,,,
,,6.001346854,,,9,,,,,1.7887925505638123,,,20.0,,,,1762900525.7205062,,,,,,,,,,,,-0.005239040283020557,30.359672927856444,,,,,,
1.05,1.0,6.002536568,161.5,1.0,10,-38.4384934663472,1.0,38.5,1.0,,0.0,20.0,,0.0,49.45,200.0,1762900525.721904,0.5,0.0,0.0,44.4,67.65,0.0,200.0,0.0,0.0,0.0,5.0,,,0.0,5.0,1.05,0.0,200.0,0.5
,,6.387177785,,,11,,,,,1.7638995409011842,,,22.0,,,,1762900526.106341,,,,,,,,,,,,-0.004397761755156893,14.24697961807251,,,,,,
,,6.77177528,,,12,,,,,1.714959704875946,,,24.0,,,,1762900526.4909286,,,,,,,,,,,,-0.004643481147009965,9.979186534881592,,,,,,
,,7.154690628,,,13,,,,,1.6925754070281982,,,26.0,,,,1762900526.87393,,,,,,,,,,,,-0.0014773244604585401,5.652360916137695,,,,,,
,,7.648683021,,,14,,,,,1.6503251671791077,,,28.0,,,,1762900527.3677742,,,,,,,,,,,,-0.004123867909424028,4.563985300064087,,,,,,
,,8.082327293,,,15,,,,,1.5799572825431825,,,30.0,,,,1762900527.8014848,,,,,,,,,,,,-0.0005716051884556705,1.5354039669036865,,,,,,
,,8.577934121,,,16,,,,,1.5590421438217164,,,32.0,,,,1762900528.297117,,,,,,,,,,,,-0.004331508373841686,1.7732244729995728,,,,,,
,,9.038258496,,,17,,,,,1.6098116159439086,,,34.0,,,,1762900528.757381,,,,,,,,,,,,-0.007674391846638162,2.4444496631622314,,,,,,
,,9.438836969,,,18,,,,,1.6124233722686767,,,36.0,,,,1762900529.1579766,,,,,,,,,,,,0.0005424590073525692,1.4497234106063843,,,,,,
,,9.896441076,,,19,,,,,1.5760437488555907,,,38.0,,,,1762900529.6156118,,,,,,,,,,,,-0.003731168413767594,1.4812588214874267,,,,,,
,,10.324151022,,,20,,,,,1.501627469062805,,,40.0,,,,1762900530.043259,,,,,,,,,,,,-0.009325013790279613,2.3805922746658323,,,,,,
0.1,1.0,10.325155287,170.25,1.0,21,-17.245932151420217,1.0,29.75,1.0,,0.0,40.0,,0.0,58.65,200.0,1762900530.0444944,0.5,0.0,0.0,18.15,93.45,0.0,200.0,0.0,0.0,0.0,5.0,,,0.0,5.0,0.1,0.0,200.0,0.5
,,10.74861534,,,22,,,,,1.405284309387207,,,42.0,,,,1762900530.4676902,,,,,,,,,,,,-0.004070816212333739,2.7835187196731566,,,,,,
,,11.149781171,,,23,,,,,1.383399248123169,,,44.0,,,,1762900530.8689094,,,,,,,,,,,,-0.0022848436466887277,2.9153432607650758,,,,,,
,,11.528525755,,,24,,,,,1.4203155040740967,,,46.0,,,,1762900531.2476585,,,,,,,,,,,,-0.0050534123176475985,2.2920711994171143,,,,,,
,,12.323808037,,,26,,,,,1.3440693974494935,,,50.0,,,,1762900532.042859,,,,,,,,,,,,-0.004019620100501919,2.2034427165985107,,,,,,
,,12.700178134,,,27,,,,,1.2972394108772278,,,52.0,,,,1762900532.4194732,,,,,,,,,,,,-0.0021770374359903143,1.420999574661255,,,,,,
,,13.074767718,,,28,,,,,1.297226083278656,,,54.0,,,,1762900532.7937877,,,,,,,,,,,,-0.002062777001177807,1.440619671344757,,,,,,
,,13.917984081,,,30,,,,,1.2926593542098999,,,58.0,,,,1762900533.6371436,,,,,,,,,,,,0.0015925445344763035,1.1011688232421875,,,,,,
,,14.409467445,,,31,,,,,1.2906558156013488,,,60.0,,,,1762900534.128625,,,,,,,,,,,,-0.003509292049449897,1.1144385576248168,,,,,,
,,14.872075388,,,33,,,,,1.271323025226593,,,62.0,,,,1762900534.5913398,,,,,,,,,,,,-0.004644133967114783,1.0504559218883514,,,,,,
,,15.290994794,,,34,,,,,1.209246075153351,,,64.0,,,,1762900535.0101404,,,,,,,,,,,,-0.0034597567620238577,0.9801812291145324,,,,,,
,,15.685689203999999,,,35,,,,,1.1420440793037414,,,66.0,,,,1762900535.404792,,,,,,,,,,,,-0.00343431083299226,0.7198735773563385,,,,,,
,,16.463116272,,,37,,,,,1.2150659918785096,,,70.0,,,,1762900536.1822221,,,,,,,,,,,,-0.006531405483372055,0.5221771508455276,,,,,,
,,16.858172253,,,38,,,,,1.252258801460266,,,72.0,,,,1762900536.5772612,,,,,,,,,,,,-0.0011434130285049803,0.4144641667604446,,,,,,
,,17.282340261,,,39,,,,,1.2674246311187745,,,74.0,,,,1762900537.0015287,,,,,,,,,,,,-0.0037566922920523106,0.41328041553497313,,,,,,
,,17.67740332,,,40,,,,,1.2129229784011841,,,76.0,,,,1762900537.3965845,,,,,,,,,,,,-0.0030282813890366357,0.34330324828624725,,,,,,
,,18.068179233,,,41,,,,,1.150625479221344,,,78.0,,,,1762900537.787269,,,,,,,,,,,,-0.0019455038907615573,0.2851664960384369,,,,,,
,,18.550269756,,,42,,,,,1.146915650367737,,,80.0,,,,1762900538.269515,,,,,,,,,,,,-0.004649717155145438,0.2726267397403717,,,,,,
0.05,1.0,18.552050829,101.6,1.0,43,-4.111688130230773,1.0,98.4,1.0,,0.0,80.0,,0.0,34.5,200.0,1762900538.2708724,0.5,0.0,0.0,1.25,65.85,0.0,200.0,0.0,0.0,0.0,23.787666666666667,,,0.0,23.787666666666667,0.05,0.0,200.0,0.5
,,19.026440633,,,44,,,,,1.1770819306373597,,,82.0,,,,1762900538.7455194,,,,,,,,,,,,0.0006551886680536967,0.24273636043071747,,,,,,
,,19.421179724,,,45,,,,,1.1981892466545105,,,84.0,,,,1762900539.1403668,,,,,,,,,,,,-0.002450692374841168,0.2544225886464119,,,,,,
,,19.809726918,,,46,,,,,1.2303743958473206,,,86.0,,,,1762900539.528844,,,,,,,,,,,,-0.002047525870468192,0.18362658172845842,,,,,,
,,20.215441645,,,47,,,,,1.2224836111068726,,,88.0,,,,1762900539.9346378,,,,,,,,,,,,-0.0004888415201203423,0.1822199985384941,,,,,,
,,20.628776431,,,48,,,,,1.196611499786377,,,90.0,,,,1762900540.3478646,,,,,,,,,,,,-0.0014557592871131675,0.18920382261276245,,,,,,
,,21.017808036,,,49,,,,,1.1742218613624573,,,92.0,,,,1762900540.7370987,,,,,,,,,,,,-0.0006824178531823933,0.16842032819986344,,,,,,
,,21.488193778,,,50,,,,,1.174714946746826,,,94.0,,,,1762900541.2073789,,,,,,,,,,,,-0.0006005466061651532,0.170526984333992,,,,,,
,,22.327961076,,,52,,,,,1.1223198652267456,,,98.0,,,,1762900542.0471718,,,,,,,,,,,,-0.005868239241186535,0.150886569917202,,,,,,
,,22.701327493,,,53,,,,,1.018889105319977,,,100.0,,,,1762900542.4204898,,,,,,,,,,,,-0.005674126046244066,0.14441754221916198,,,,,,
0.1,1.0,22.702393312,100.0,1.0,54,-3.6350446240372882,1.0,100.0,1.0,,0.0,100.0,,0.0,34.1,200.0,1762900542.421781,0.5,0.0,0.0,0.8,65.1,0.0,200.0,0.0,0.0,0.0,25.888055555555553,,,0.0,25.888055555555553,0.1,0.0,200.0,0.5
,,23.115261363,,,55,,,,,0.9577162802219391,,,102.0,,,,1762900542.8343933,,,,,,,,,,,,-2.0010224630828688e-05,0.11229583695530891,,,,,,
,,23.565534527,,,56,,,,,1.0358084678649901,,,104.0,,,,1762900543.2847145,,,,,,,,,,,,-0.004457919587381199,0.11866332888603211,,,,,,
,,23.947711629,,,57,,,,,1.099744474887848,,,106.0,,,,1762900543.6669233,,,,,,,,,,,,-0.006510400231461944,0.07978232279419899,,,,,,
,,24.341232064,,,58,,,,,1.1681775331497193,,,108.0,,,,1762900544.0603979,,,,,,,,,,,,0.0008310527515128285,0.09043606892228126,,,,,,
,,25.117211283,,,60,,,,,1.2032566666603088,,,112.0,,,,1762900544.8363426,,,,,,,,,,,,0.0019066951179411262,0.08799807205796242,,,,,,
,,25.500492136,,,61,,,,,1.2275696039199828,,,114.0,,,,1762900545.2197716,,,,,,,,,,,,-0.0005277814831060823,0.10970550999045373,,,,,,
,,26.336133274,,,63,,,,,1.2745570302009583,,,118.0,,,,1762900546.0552986,,,,,,,,,,,,-0.000579198808860415,0.12431605383753777,,,,,,
,,26.825324301,,,64,,,,,1.2702862858772277,,,120.0,,,,1762900546.5444784,,,,,,,,,,,,-0.00432916952017699,0.14163605868816376,,,,,,
0.0,1.0,26.826483967,101.7,1.0,65,-3.3862710979558104,1.0,98.3,1.0,,0.0,120.0,,0.0,27.4,200.0,1762900546.5458078,0.5,0.0,0.0,0.5,73.8,0.0,200.0,0.0,0.0,0.0,27.39166666666667,,,0.0,27.39166666666667,0.0,0.0,200.0,0.5
,,27.254764488,,,66,,,,,1.2750306367874145,,,122.0,,,,1762900546.9739456,,,,,,,,,,,,-0.0034507894015405327,0.19804914742708207,,,,,,
,,27.642865395,,,67,,,,,1.2768607497215272,,,124.0,,,,1762900547.3620145,,,,,,,,,,,,-0.0009919456113712144,0.07749926149845124,,,,,,
,,28.070770975,,,68,,,,,1.2804110527038575,,,126.0,,,,1762900547.789938,,,,,,,,,,,,-0.00314729874930344,0.10060732960700988,,,,,,
,,28.487429875,,,69,,,,,1.3049070239067078,,,128.0,,,,1762900548.2065988,,,,,,,,,,,,-0.004277809871360639,0.10312467589974403,,,,,,
,,28.950724807,,,70,,,,,1.3505330443382264,,,130.0,,,,1762900548.6700006,,,,,,,,,,,,-0.002279439844976894,0.09065155312418938,,,,,,
,,29.433531816,,,71,,,,,1.3676343083381652,,,132.0,,,,1762900549.1526668,,,,,,,,,,,,-0.002373371785506606,0.13064799159765245,,,,,,
,,30.253908292,,,73,,,,,1.374278974533081,,,136.0,,,,1762900549.9729912,,,,,,,,,,,,-0.0011009902610094712,0.20350036174058914,,,,,,
,,30.694089127,,,74,,,,,1.3891136169433593,,,138.0,,,,1762900550.413189,,,,,,,,,,,,-0.0012750258026935414,0.13084727227687837,,,,,,
,,31.125211316,,,75,,,,,1.3916619181632996,,,140.0,,,,1762900550.8444903,,,,,,,,,,,,-0.003962862858548988,0.15929329991340638,,,,,,
0.25,1.0,31.126374164,133.1,1.0,76,-4.053973911833295,1.0,66.9,1.0,,0.0,140.0,,0.0,59.9,200.0,1762900550.8456097,0.5,0.0,0.0,0.4,72.8,0.0,200.0,0.0,0.0,0.0,27.85,,,0.0,27.85,0.25,0.0,200.0,0.5
,,31.603032438,,,77,,,,,1.3435697317123414,,,142.0,,,,1762900551.322143,,,,,,,,,,,,-0.0002975165803727364,0.1669231981039047,,,,,,
,,31.976538179,,,78,,,,,1.3386475563049316,,,144.0,,,,1762900551.6958025,,,,,,,,,,,,-0.002067603545903651,0.08824069127440452,,,,,,
,,32.370958283,,,79,,,,,1.3915059447288514,,,146.0,,,,1762900552.0901318,,,,,,,,,,,,0.0015760961251798378,0.15038373470306396,,,,,,
,,32.754288803,,,80,,,,,1.3737232685089111,,,148.0,,,,1762900552.473476,,,,,,,,,,,,-0.0011822414215421518,0.24562381356954574,,,,,,
,,33.15863567,,,81,,,,,1.3447492361068725,,,150.0,,,,1762900552.877836,,,,,,,,,,,,-0.0012824331551382073,0.11819499433040619,,,,,,
,,33.947187375,,,83,,,,,1.352031683921814,,,154.0,,,,1762900553.6663122,,,,,,,,,,,,-0.0036504485236946494,0.13507714569568635,,,,,,
,,34.384953376,,,84,,,,,1.3433744430541992,,,156.0,,,,1762900554.1040385,,,,,,,,,,,,0.0007439327080501102,0.10810386538505554,,,,,,
,,34.764115711,,,85,,,,,1.3572604537010193,,,158.0,,,,1762900554.4832928,,,,,,,,,,,,-0.00014929996826680282,0.10728070214390754,,,,,,
,,35.150258126,,,86,,,,,1.3268506407737732,,,160.0,,,,1762900554.8693204,,,,,,,,,,,,-0.004286616509547425,0.1019430510699749,,,,,,
0.25,1.0,35.151578509,108.55,1.0,87,-4.075468900221597,1.0,91.45,1.0,,0.0,160.0,,0.0,58.8,200.0,1762900554.8708959,0.5,0.0,0.0,0.2,49.55,0.0,200.0,0.0,0.0,0.0,28.9,,,0.0,28.9,0.25,0.0,200.0,0.5
,,35.589457825,,,88,,,,,1.2845391750335693,,,162.0,,,,1762900555.3086123,,,,,,,,,,,,-0.007217719905544051,0.13016213327646256,,,,,,
,,35.988118268,,,89,,,,,1.2548583626747132,,,164.0,,,,1762900555.707357,,,,,,,,,,,,-0.0028504578263964576,0.08761794567108154,,,,,,
,,36.371140424000004,,,90,,,,,1.2489995956420898,,,166.0,,,,1762900556.0902588,,,,,,,,,,,,-0.0003668049501211579,0.07954846918582917,,,,,,
,,36.749224885,,,91,,,,,1.2484525084495544,,,168.0,,,,1762900556.4684024,,,,,,,,,,,,-0.0032375545265385776,0.08316832259297371,,,,,,
,,37.140044471,,,92,,,,,1.2704072713851928,,,170.0,,,,1762900556.8592083,,,,,,,,,,,,-0.004266101783141352,0.092248073220253,,,,,,
,,37.516966334,,,93,,,,,1.2818546056747437,,,172.0,,,,1762900557.2361429,,,,,,,,,,,,-0.0005326619179977677,0.10222753360867501,,,,,,
,,37.894607552,,,94,,,,,1.2670266032218933,,,174.0,,,,1762900557.613773,,,,,,,,,,,,-0.008218457725364735,0.07313859090209007,,,,,,
,,38.298191953,,,95,,,,,1.269039249420166,,,176.0,,,,1762900558.0173495,,,,,,,,,,,,0.0018586058020591655,0.08037296608090401,,,,,,
,,38.683328881,,,96,,,,,1.2837522506713868,,,178.0,,,,1762900558.4024568,,,,,,,,,,,,0.00011269187727886986,0.06607055738568306,,,,,,
,,39.09081244,,,97,,,,,1.3179960012435914,,,180.0,,,,1762900558.8100069,,,,,,,,,,,,-0.00404656399926182,0.10489345267415047,,,,,,
,,39.581949318,,,99,,,,,1.3693620920181275,,,182.0,,,,1762900559.300973,,,,,,,,,,,,-0.0008550796261697968,0.12221128195524215,,,,,,
,,40.022445235,,,100,,,,,1.388659155368805,,,184.0,,,,1762900559.7415645,,,,,,,,,,,,-0.0017699923058971834,0.0879632629454136,,,,,,
,,40.905832046,,,102,,,,,1.3381893634796143,,,188.0,,,,1762900560.6250014,,,,,,,,,,,,0.00039389371720606193,0.14650838673114777,,,,,,
,,41.327748893,,,103,,,,,1.3216848969459534,,,190.0,,,,1762900561.0468743,,,,,,,,,,,,-0.006194839885691183,0.08016515150666237,,,,,,
,,41.722157009,,,104,,,,,1.2789968848228455,,,192.0,,,,1762900561.4413326,,,,,,,,,,,,-0.001953872624435249,0.1060766838490963,,,,,,
,,42.187258043,,,105,,,,,1.2430407643318175,,,194.0,,,,1762900561.9062881,,,,,,,,,,,,-0.0009599673394113939,0.07584886476397515,,,,,,
,,42.583710204,,,106,,,,,1.2209864854812622,,,196.0,,,,1762900562.30296,,,,,,,,,,,,-6.472992686301637e-05,0.06685225069522857,,,,,,
,,43.418993136,,,108,,,,,1.2212782979011536,,,200.0,,,,1762900563.138153,,,,,,,,,,,,-0.0013072786025295712,0.07465996295213699,,,,,,
0.1,1.0,43.42018089,124.35,1.0,109,-3.6832889357997254,1.0,75.65,1.0,,0.0,200.0,,0.0,44.3,200.0,1762900563.139367,0.5,0.0,0.0,0.15,79.9,0.0,200.0,0.0,0.0,0.0,29.15,,,0.0,29.15,0.1,0.0,200.0,0.5
,,44.217881336,,,111,,,,,1.1964935302734374,,,204.0,,,,1762900563.9370728,,,,,,,,,,,,-0.00220912071032231,0.08882392644882202,,,,,,
,,44.602735293,,,112,,,,,1.151315701007843,,,206.0,,,,1762900564.3218465,,,,,,,,,,,,-0.0006610603044027386,0.10026839002966881,,,,,,
,,45.00897705,,,113,,,,,1.1782927751541137,,,208.0,,,,1762900564.7282352,,,,,,,,,,,,-0.001361346451449208,0.05536862835288048,,,,,,
,,46.595312453,,,117,,,,,1.2790657877922058,,,216.0,,,,1762900566.3144493,,,,,,,,,,,,0.0003778829503571668,0.10329436957836151,,,,,,
,,46.990818635,,,118,,,,,1.2571531534194946,,,218.0,,,,1762900566.7099833,,,,,,,,,,,,-0.0021812200178391804,0.07953072711825371,,,,,,
,,47.404491501,,,119,,,,,1.2415085434913635,,,220.0,,,,1762900567.123601,,,,,,,,,,,,-0.0014685768451163205,0.0680910475552082,,,,,,
0.05,1.0,47.40556929,112.9,1.0,120,-3.5013778622675487,1.0,87.1,1.0,,0.0,220.0,,0.0,37.2,200.0,1762900567.1249175,0.5,0.0,0.0,0.15,75.55,0.0,200.0,0.0,0.0,0.0,29.1,,,0.0,29.1,0.05,0.0,200.0,0.5
,,47.790506418,,,121,,,,,1.2396361112594605,,,222.0,,,,1762900567.50976,,,,,,,,,,,,0.00106916316796557,0.07442654967308045,,,,,,
,,48.210925112,,,122,,,,,1.2056142926216125,,,224.0,,,,1762900567.9300177,,,,,,,,,,,,-0.012069906258955588,0.09292436316609383,,,,,,
,,48.607825484,,,123,,,,,1.1252506136894227,,,226.0,,,,1762900568.3269134,,,,,,,,,,,,-0.00014372822776200777,0.06309731379151344,,,,,,
,,49.000037338,,,124,,,,,1.1794597148895263,,,228.0,,,,1762900568.7192466,,,,,,,,,,,,1.4605998098815575e-05,0.06516058966517449,,,,,,
,,49.399480609,,,125,,,,,1.2058423995971679,,,230.0,,,,1762900569.1186228,,,,,,,,,,,,-0.00045963428553665866,0.09349480792880058,,,,,,
,,49.781910917,,,126,,,,,1.1665404200553895,,,232.0,,,,1762900569.5010371,,,,,,,,,,,,-0.0022272196176928104,0.07889157757163048,,,,,,
,,50.203336685,,,127,,,,,1.144078254699707,,,234.0,,,,1762900569.9224982,,,,,,,,,,,,-0.0037497648586286127,0.06400499939918518,,,,,,
,,50.960536721,,,129,,,,,1.1976552128791809,,,238.0,,,,1762900570.6797445,,,,,,,,,,,,0.00013357698352045588,0.05167867690324783,,,,,,
,,51.379316889,,,130,,,,,1.2094704270362855,,,240.0,,,,1762900571.0985167,,,,,,,,,,,,-0.0012969507880043808,0.0552670992910862,,,,,,
,,51.770725638,,,132,,,,,1.2311091899871827,,,242.0,,,,1762900571.4898143,,,,,,,,,,,,-0.0008645744130481248,0.07310853078961373,,,,,,
,,52.212078802,,,133,,,,,1.2153446435928346,,,244.0,,,,1762900571.9312239,,,,,,,,,,,,-0.0057644635366741245,0.08406990841031074,,,,,,
,,52.608340802,,,134,,,,,1.1794622778892516,,,246.0,,,,1762900572.327435,,,,,,,,,,,,9.426641237224587e-05,0.05784918107092381,,,,,,
,,53.000291573,,,135,,,,,1.2038621664047242,,,248.0,,,,1762900572.719434,,,,,,,,,,,,-0.0012789911966247125,0.046722767502069475,,,,,,
,,53.407240295,,,136,,,,,1.2413779139518737,,,250.0,,,,1762900573.1263819,,,,,,,,,,,,-0.0005943366136490269,0.09760686829686165,,,,,,
,,53.797328159,,,137,,,,,1.2526296377182007,,,252.0,,,,1762900573.5165203,,,,,,,,,,,,-0.0011479670661210585,0.06349944323301315,,,,,,
,,55.03187134,,,140,,,,,1.3298694372177124,,,258.0,,,,1762900574.751069,,,,,,,,,,,,0.00035128997027644715,0.08738922029733658,,,,,,
,,55.514276444000004,,,141,,,,,1.3208917021751403,,,260.0,,,,1762900575.2334113,,,,,,,,,,,,-0.002499347395263607,0.08237262070178986,,,,,,
0.05,1.0,55.515634801,129.25,1.0,142,-3.3917701687575708,1.0,70.75,1.0,,0.0,260.0,,0.0,39.6,200.0,1762900575.2349677,0.5,0.0,0.0,0.15,89.5,0.0,200.0,0.0,0.0,0.0,29.1,,,0.0,29.1,0.05,0.0,200.0,0.5
,,55.911388339,,,143,,,,,1.3103373289108275,,,262.0,,,,1762900575.6305661,,,,,,,,,,,,-0.002942741599632459,0.07455725371837615,,,,,,
,,56.340258371,,,144,,,,,1.3007275462150574,,,264.0,,,,1762900576.0594087,,,,,,,,,,,,-0.0018121685432270329,0.07510662898421287,,,,,,
,,56.720124006,,,145,,,,,1.319817304611206,,,266.0,,,,1762900576.439308,,,,,,,,,,,,0.00030879067622286983,0.0803662970662117,,,,,,
,,57.153989988,,,146,,,,,1.3334310054779053,,,268.0,,,,1762900576.8731687,,,,,,,,,,,,-0.001555370764108588,0.10828220769762993,,,,,,
,,57.613802225,,,147,,,,,1.341737651824951,,,270.0,,,,1762900577.3330064,,,,,,,,,,,,-0.008385310252429922,0.11468533426523209,,,,,,
,,58.031506202,,,148,,,,,1.3422877669334412,,,272.0,,,,1762900577.7507606,,,,,,,,,,,,-0.00422114460915326,0.11087766736745834,,,,,,
,,58.415543391,,,149,,,,,1.3290486693382264,,,274.0,,,,1762900578.1348417,,,,,,,,,,,,7.60261410031049e-05,0.08500447571277618,,,,,,
,,58.895324056,,,150,,,,,1.3323668003082276,,,276.0,,,,1762900578.6145473,,,,,,,,,,,,5.601608689183024e-05,0.06911878883838654,,,,,,
0.1,1.0,59.855411126999996,125.65,1.0,153,-3.707094644685742,1.0,74.35,1.0,,0.0,280.0,,0.0,56.05,200.0,1762900579.5746913,0.5,0.0,0.0,0.15,69.45,0.0,200.0,0.0,0.0,0.0,29.25,,,0.0,29.25,0.1,0.0,200.0,0.5
,,60.254960633,,,154,,,,,1.3289867401123048,,,282.0,,,,1762900579.9741302,,,,,,,,,,,,0.0005546841518371259,0.08280569612979889,,,,,,
,,60.651526266,,,155,,,,,1.3238370299339295,,,284.0,,,,1762900580.3707178,,,,,,,,,,,,-0.0016808633421314667,0.07394591346383095,,,,,,
,,61.045967364,,,156,,,,,1.3359912276268004,,,286.0,,,,1762900580.7651753,,,,,,,,,,,,-8.253717044137687e-05,0.1578986570239067,,,,,,
,,61.432228574,,,157,,,,,1.3264249920845033,,,288.0,,,,1762900581.1514008,,,,,,,,,,,,-0.005831743249553245,0.1022863008081913,,,,,,
,,61.820350508,,,158,,,,,1.2791565656661987,,,290.0,,,,1762900581.5394974,,,,,,,,,,,,-0.0023440064833849306,0.09291625693440438,,,,,,
,,62.205291773,,,159,,,,,1.2617733597755432,,,292.0,,,,1762900581.9244277,,,,,,,,,,,,-0.00018945503485152672,0.09033959209918976,,,,,,
,,62.592071586,,,160,,,,,1.2458566188812257,,,294.0,,,,1762900582.3112473,,,,,,,,,,,,-0.0030021697553801905,0.07818593829870224,,,,,,
,,62.988098662,,,161,,,,,1.2731525421142578,,,296.0,,,,1762900582.707293,,,,,,,,,,,,-0.002777732751565054,0.08128465712070465,,,,,,
,,63.38449246,,,162,,,,,1.2951286554336547,,,298.0,,,,1762900583.1037626,,,,,,,,,,,,0.00010746287403158305,0.0801104336977005,,,,,,
,,63.770420351,,,163,,,,,1.2998268246650695,,,300.0,,,,1762900583.4895442,,,,,,,,,,,,-0.0025987114860326344,0.09048651605844497,,,,,,
0.0,1.0,63.771552089,123.9,1.0,164,-3.645318113076695,1.0,76.1,1.0,,0.0,300.0,,0.0,60.4,200.0,1762900583.4908528,0.5,0.0,0.0,0.1,63.4,0.0,200.0,0.0,0.0,0.0,29.5,,,0.0,29.5,0.0,0.0,200.0,0.5
,,64.206189886,,,165,,,,,1.252922737598419,,,302.0,,,,1762900583.9253542,,,,,,,,,,,,-0.007089939639903608,0.0795290432870388,,,,,,
,,64.597299205,,,166,,,,,1.2128626942634582,,,304.0,,,,1762900584.3165276,,,,,,,,,,,,0.00019833039492382908,0.06132954582571983,,,,,,
,,65.022114986,,,167,,,,,1.2215848922729493,,,306.0,,,,1762900584.7413726,,,,,,,,,,,,-0.0010932669473841194,0.06701013222336769,,,,,,
,,65.787732378,,,169,,,,,1.1912885904312134,,,310.0,,,,1762900585.5069695,,,,,,,,,,,,-0.0015331241719541034,0.05751841850578785,,,,,,
,,66.196815688,,,170,,,,,1.1724420070648194,,,312.0,,,,1762900585.9160533,,,,,,,,,,,,-0.006008918672567276,0.06943016722798348,,,,,,
,,66.584186697,,,171,,,,,1.119265604019165,,,314.0,,,,1762900586.3034444,,,,,,,,,,,,-0.0015410837598610616,0.04296670220792294,,,,,,
,,67.008224391,,,172,,,,,1.0872798442840577,,,316.0,,,,1762900586.7273428,,,,,,,,,,,,-0.00012964808859396992,0.04596572183072567,,,,,,
,,67.462474288,,,173,,,,,1.106075894832611,,,318.0,,,,1762900587.1816952,,,,,,,,,,,,-0.0017697078787605846,0.043567852675914766,,,,,,
,,67.845628496,,,174,,,,,1.1553363800048828,,,320.0,,,,1762900587.5648792,,,,,,,,,,,,0.0008903941856697628,0.04323558658361435,,,,,,
0.0,1.0,67.846805369,116.55,1.0,175,-3.198564506507881,1.0,83.45,1.0,,0.0,320.0,,0.0,36.85,200.0,1762900587.5661504,0.5,0.0,0.0,0.1,79.6,0.0,200.0,0.0,0.0,0.0,29.45,,,0.0,29.45,0.0,0.0,200.0,0.5
,,68.263702442,,,176,,,,,1.163302206993103,,,322.0,,,,1762900587.9827976,,,,,,,,,,,,-0.0016413121081423122,0.05870807468891144,,,,,,
,,68.653549095,,,177,,,,,1.1606849312782288,,,324.0,,,,1762900588.3727052,,,,,,,,,,,,-0.0012265095329640375,0.09378032684326172,,,,,,
,,69.060190616,,,178,,,,,1.1963847517967223,,,326.0,,,,1762900588.7794964,,,,,,,,,,,,0.0008330585855292228,0.05569741316139698,,,,,,
,,69.99411355,,,180,,,,,1.2540741443634034,,,330.0,,,,1762900589.7133338,,,,,,,,,,,,-0.0004717693216644392,0.08318484351038932,,,,,,
,,70.376744843,,,181,,,,,1.2671618103981017,,,332.0,,,,1762900590.0959883,,,,,,,,,,,,-0.001529202411766306,0.07071526572108269,,,,,,
,,70.766039616,,,182,,,,,1.2593944787979126,,,334.0,,,,1762900590.4852462,,,,,,,,,,,,-0.0013598110699385656,0.06832552254199982,,,,,,
,,71.209789916,,,183,,,,,1.2940180063247682,,,336.0,,,,1762900590.9290307,,,,,,,,,,,,0.0006756099869960508,0.09172299802303314,,,,,,
,,71.711424769,,,184,,,,,1.2898257613182067,,,338.0,,,,1762900591.4305792,,,,,,,,,,,,-0.0013497017290064806,0.0700638011097908,,,,,,
,,72.128095091,,,185,,,,,1.2631222128868103,,,340.0,,,,1762900591.84745,,,,,,,,,,,,0.0004994745204458084,0.07439390495419503,,,,,,
0.0,1.0,72.12923794,107.55,1.0,186,-3.3969434434801817,1.0,92.45,1.0,,0.0,340.0,,0.0,47.7,200.0,1762900591.848566,0.5,0.0,0.0,0.15,59.7,0.0,200.0,0.0,0.0,0.0,29.291666666666668,,,0.0,29.291666666666668,0.0,0.0,200.0,0.5
,,72.514403754,,,187,,,,,1.2799952507019043,,,342.0,,,,1762900592.2335212,,,,,,,,,,,,-0.0037508151724468864,0.05612065903842449,,,,,,
,,72.905763976,,,188,,,,,1.3343036413192748,,,344.0,,,,1762900592.624953,,,,,,,,,,,,-0.00724375758459792,0.07460128962993622,,,,,,
,,73.307273144,,,189,,,,,1.3658948183059691,,,346.0,,,,1762900593.0263941,,,,,,,,,,,,-0.0004901473168283487,0.15694112032651902,,,,,,
,,73.689104149,,,190,,,,,1.355295717716217,,,348.0,,,,1762900593.4083421,,,,,,,,,,,,-0.005638370619155531,0.08570555374026298,,,,,,
,,74.079075625,,,191,,,,,1.3475695252418518,,,350.0,,,,1762900593.7982907,,,,,,,,,,,,-0.0025110075002594545,0.07615125924348831,,,,,,
,,74.548523896,,,192,,,,,1.3640989422798158,,,352.0,,,,1762900594.2675953,,,,,,,,,,,,-0.003109656948781847,0.08992828652262688,,,,,,
,,75.007129588,,,193,,,,,1.328841507434845,,,354.0,,,,1762900594.7263708,,,,,,,,,,,,-0.007509280732832857,0.117068450152874,,,,,,
,,75.495422904,,,194,,,,,1.3058254718780518,,,356.0,,,,1762900595.21479,,,,,,,,,,,,-0.0013835716313624236,0.11001061052083969,,,,,,
,,75.960626725,,,195,,,,,1.3337246537208558,,,358.0,,,,1762900595.679691,,,,,,,,,,,,-0.0012550435054873078,0.12487136870622635,,,,,,
,,76.369784472,,,196,,,,,1.3285252809524537,,,360.0,,,,1762900596.088952,,,,,,,,,,,,0.0007360961858648096,0.09993033930659294,,,,,,
0.0,1.0,76.370926849,117.5,1.0,197,-3.8481279246712154,1.0,82.5,1.0,,0.0,360.0,,0.0,75.5,200.0,1762900596.0902345,0.5,0.0,0.0,0.05,41.95,0.0,200.0,0.0,0.0,0.0,29.7,,,0.0,29.7,0.0,0.0,200.0,0.5
,,76.847843967,,,198,,,,,1.3391655564308167,,,362.0,,,,1762900596.5669732,,,,,,,,,,,,-0.0013864273625951995,0.13482297211885452,,,,,,
,,77.289312651,,,199,,,,,1.3473735451698303,,,364.0,,,,1762900597.0084546,,,,,,,,,,,,0.0006451136886607145,0.11110039502382278,,,,,,
,,77.678800978,,,200,,,,,1.3502854824066162,,,366.0,,,,1762900597.3978698,,,,,,,,,,,,-0.0005684308702475604,0.09870542734861373,,,,,,
,,78.084751064,,,201,,,,,1.368460440635681,,,368.0,,,,1762900597.803857,,,,,,,,,,,,-0.0002326312048172241,0.12941309660673142,,,,,,
,,78.585840982,,,202,,,,,1.3727879881858827,,,370.0,,,,1762900598.3049269,,,,,,,,,,,,-0.002796357689192508,0.10321288034319878,,,,,,
,,78.984386256,,,203,,,,,1.371962571144104,,,372.0,,,,1762900598.7035384,,,,,,,,,,,,-0.00044805729007935113,0.10937081724405288,,,,,,
,,79.459833062,,,204,,,,,1.366257333755493,,,374.0,,,,1762900599.1789596,,,,,,,,,,,,-0.001859935458283868,0.11437988877296448,,,,,,
,,79.917465978,,,205,,,,,1.3386722087860108,,,376.0,,,,1762900599.636567,,,,,,,,,,,,-0.005247737709200018,0.15826651304960251,,,,,,
,,80.308099065,,,206,,,,,1.279532289505005,,,378.0,,,,1762900600.0272996,,,,,,,,,,,,-0.0012095620278850916,0.10533511713147163,,,,,,
,,80.724325378,,,207,,,,,1.233869993686676,,,380.0,,,,1762900600.4434338,,,,,,,,,,,,-0.003823263740167038,0.10228016823530198,,,,,,
0.0,1.0,80.725467426,120.0,1.0,208,-4.0633830329292895,1.0,80.0,1.0,,0.0,380.0,,0.0,81.15,200.0,1762900600.4447749,0.5,0.0,0.0,0.15,38.7,0.0,200.0,0.0,0.0,0.0,29.2,,,0.0,29.2,0.0,0.0,200.0,0.5
,,81.201291561,,,209,,,,,1.1871594548225404,,,382.0,,,,1762900600.920392,,,,,,,,,,,,-0.005073855244787495,0.09191578179597855,,,,,,
,,81.688273542,,,210,,,,,1.2110331296920775,,,384.0,,,,1762900601.4074576,,,,,,,,,,,,-8.809971421763763e-05,0.07296959310770035,,,,,,
,,82.122364866,,,211,,,,,1.2463986039161683,,,386.0,,,,1762900601.8416176,,,,,,,,,,,,-0.0013930787645513032,0.06873596012592316,,,,,,
,,82.613147953,,,212,,,,,1.2685686230659485,,,388.0,,,,1762900602.332283,,,,,,,,,,,,-0.0017347208954451964,0.058095522597432135,,,,,,
,,83.039967098,,,213,,,,,1.3210133552551269,,,390.0,,,,1762900602.7590694,,,,,,,,,,,,-0.0028054767058929508,0.07575424909591674,,,,,,
,,83.431485991,,,214,,,,,1.3421524524688722,,,392.0,,,,1762900603.15076,,,,,,,,,,,,0.000911694265086993,0.0978696458041668,,,,,,
,,83.897059112,,,215,,,,,1.3239981651306152,,,394.0,,,,1762900603.6162498,,,,,,,,,,,,-0.004665214897599057,0.1249830812215805,,,,,,
,,84.306026189,,,216,,,,,1.2740971565246582,,,396.0,,,,1762900604.0252316,,,,,,,,,,,,-0.003055239975918056,0.06640052124857902,,,,,,
,,84.703781506,,,217,,,,,1.2304742574691772,,,398.0,,,,1762900604.423014,,,,,,,,,,,,-0.0021224889848380003,0.06099421977996826,,,,,,
,,85.133649652,,,218,,,,,1.1966039180755614,,,400.0,,,,1762900604.8529003,,,,,,,,,,,,-0.003599126455141288,0.05020986460149288,,,,,,
0.1,1.0,85.134847271,113.6,1.0,219,-3.421970212728162,1.0,86.4,1.0,,0.0,400.0,,0.0,49.5,200.0,1762900604.854156,0.5,0.0,0.0,0.1,64.0,0.0,200.0,0.0,0.0,0.0,29.45,,,0.0,29.45,0.1,0.0,200.0,0.5
,,85.523555371,,,220,,,,,1.1580613493919372,,,402.0,,,,1762900605.2427602,,,,,,,,,,,,-0.0016274656847818036,0.06032228022813797,,,,,,
,,85.914491522,,,221,,,,,1.1190700292587281,,,404.0,,,,1762900605.6337633,,,,,,,,,,,,-0.0006950983894639329,0.03843794316053391,,,,,,
,,86.362641777,,,222,,,,,1.1150591492652893,,,406.0,,,,1762900606.0817726,,,,,,,,,,,,-0.006011330868233955,0.0337064266204834,,,,,,
,,86.847083803,,,223,,,,,1.1250292897224425,,,408.0,,,,1762900606.5663571,,,,,,,,,,,,0.0017431029642466455,0.028136712312698365,,,,,,
,,87.29084246,,,224,,,,,1.1348166108131408,,,410.0,,,,1762900607.0100884,,,,,,,,,,,,-0.0022716573318467327,0.027489720843732357,,,,,,
,,87.685522159,,,225,,,,,1.1841151714324951,,,412.0,,,,1762900607.4047427,,,,,,,,,,,,-0.003899544116109599,0.040692254528403284,,,,,,
,,88.07555935,,,226,,,,,1.2198887467384338,,,414.0,,,,1762900607.794827,,,,,,,,,,,,-0.00030095767029720833,0.046876489743590356,,,,,,
,,88.474806079,,,227,,,,,1.2415957808494569,,,416.0,,,,1762900608.193961,,,,,,,,,,,,-0.0033738003791077276,0.06251521073281766,,,,,,
,,88.852959013,,,228,,,,,1.2950132131576537,,,418.0,,,,1762900608.5721421,,,,,,,,,,,,-0.0005330824654956601,0.0428609449416399,,,,,,
,,89.253620922,,,229,,,,,1.3205151557922363,,,420.0,,,,1762900608.9727354,,,,,,,,,,,,-0.006360932208015413,0.09092095047235489,,,,,,
0.05,1.0,89.255040178,125.1,1.0,230,-3.0954034237863346,1.0,74.9,1.0,,0.0,420.0,,0.0,31.95,200.0,1762900608.9742186,0.5,0.0,0.0,0.05,93.1,0.0,200.0,0.0,0.0,0.0,29.7,,,0.0,29.7,0.05,0.0,200.0,0.5
,,89.668312426,,,231,,,,,1.302810287475586,,,422.0,,,,1762900609.3874447,,,,,,,,,,,,-0.0026398778409930657,0.09109712839126587,,,,,,
,,90.064981503,,,232,,,,,1.2485269904136658,,,424.0,,,,1762900609.7842226,,,,,,,,,,,,-0.002711136233410727,0.07507677599787713,,,,,,
,,90.540302538,,,233,,,,,1.2089670658111573,,,426.0,,,,1762900610.2595136,,,,,,,,,,,,-0.0013021882433386978,0.07206328436732293,,,,,,
,,90.95439682,,,234,,,,,1.1744268536567688,,,428.0,,,,1762900610.6736734,,,,,,,,,,,,-0.0029387802409473807,0.06111599020659923,,,,,,
,,91.378523417,,,235,,,,,1.1111848592758178,,,430.0,,,,1762900611.0976439,,,,,,,,,,,,-0.001200310197658805,0.05344556532800197,,,,,,
,,91.782011222,,,236,,,,,1.0657068490982056,,,432.0,,,,1762900611.5010912,,,,,,,,,,,,-0.0032317032054125505,0.06979811340570449,,,,,,
,,92.254465409,,,237,,,,,1.01361625790596,,,434.0,,,,1762900611.9737349,,,,,,,,,,,,-0.0035028425878845582,0.03914292231202125,,,,,,
,,92.745834073,,,238,,,,,0.9800180554389953,,,436.0,,,,1762900612.4648697,,,,,,,,,,,,9.820460421927635e-06,0.03878745473921299,,,,,,
,,93.190090693,,,239,,,,,1.000164085626602,,,438.0,,,,1762900612.909164,,,,,,,,,,,,-0.00041446160664779794,0.04602496325969696,,,,,,
,,93.690540918,,,240,,,,,1.0616427898406982,,,440.0,,,,1762900613.4097216,,,,,,,,,,,,-0.0015733470664708981,0.03920413553714752,,,,,,
0.0,1.0,93.691742521,152.15,1.0,241,-3.1996147189800466,1.0,47.85,1.0,,0.0,440.0,,0.0,37.45,200.0,1762900613.4110138,0.5,0.0,0.0,0.1,114.6,0.0,200.0,0.0,0.0,0.0,29.5,,,0.0,29.5,0.0,0.0,200.0,0.5
,,94.086581951,,,242,,,,,1.125205385684967,,,442.0,,,,1762900613.80586,,,,,,,,,,,,-0.004273971054470138,0.06631070151925086,,,,,,
,,94.478617682,,,243,,,,,1.1556378602981567,,,444.0,,,,1762900614.1978176,,,,,,,,,,,,-0.004291213329765009,0.058355847373604774,,,,,,
,,94.866063418,,,244,,,,,1.124180555343628,,,446.0,,,,1762900614.5852096,,,,,,,,,,,,0.0005306119797169551,0.04608694687485695,,,,,,
,,95.320502491,,,245,,,,,1.1285913825035094,,,448.0,,,,1762900615.039703,,,,,,,,,,,,-0.0023922092671273985,0.048985351249575614,,,,,,
,,95.705549616,,,246,,,,,1.1682697772979735,,,450.0,,,,1762900615.4247203,,,,,,,,,,,,-0.0008826460607233244,0.04327958524227142,,,,,,
,,96.090384662,,,247,,,,,1.2117726802825928,,,452.0,,,,1762900615.8095045,,,,,,,,,,,,-0.003873915797565175,0.042556707933545115,,,,,,
,,96.472730814,,,248,,,,,1.245611560344696,,,454.0,,,,1762900616.1918588,,,,,,,,,,,,0.0012477678949944782,0.061570112407207486,,,,,,
,,96.894995832,,,249,,,,,1.2603548169136047,,,456.0,,,,1762900616.6141274,,,,,,,,,,,,-0.0003675327264208939,0.05354871079325676,,,,,,
,,97.381914043,,,250,,,,,1.2777918815612792,,,458.0,,,,1762900617.1010878,,,,,,,,,,,,-2.7070762655068137e-05,0.0904281347990036,,,,,,
,,97.818915125,,,251,,,,,1.272523617744446,,,460.0,,,,1762900617.5381072,,,,,,,,,,,,-0.0035201482354896285,0.08846908956766128,,,,,,
0.0,1.0,97.819951612,133.45,1.0,252,-3.2139463182161947,1.0,66.55,1.0,,0.0,460.0,,0.0,40.1,200.0,1762900617.5393045,0.5,0.0,0.0,0.1,93.25,0.0,200.0,0.0,0.0,0.0,29.45,,,0.0,29.45,0.0,0.0,200.0,0.5
,,98.269312551,,,253,,,,,1.2212484359741211,,,462.0,,,,1762900617.9885142,,,,,,,,,,,,-0.004268565972568483,0.07166078463196754,,,,,,
,,98.757488992,,,254,,,,,1.1737954139709472,,,464.0,,,,1762900618.4766598,,,,,,,,,,,,-0.0019320376318646027,0.05190020017325878,,,,,,
,,99.227512381,,,255,,,,,1.1460237860679627,,,466.0,,,,1762900618.9466727,,,,,,,,,,,,-0.002799225294496832,0.052415764331817626,,,,,,
,,99.711817227,,,256,,,,,1.118685519695282,,,468.0,,,,1762900619.4310105,,,,,,,,,,,,-0.0033168333487701763,0.04431389234960079,,,,,,
,,100.117295266,,,257,,,,,1.0952590227127075,,,470.0,,,,1762900619.8363955,,,,,,,,,,,,-0.008389035461470495,0.04262024238705635,,,,,,
,,100.50181143,,,258,,,,,1.0385743498802185,,,472.0,,,,1762900620.221095,,,,,,,,,,,,-0.002473322352161489,0.03964375257492066,,,,,,
,,100.888884886,,,259,,,,,0.9885035991668701,,,474.0,,,,1762900620.6080775,,,,,,,,,,,,-0.0006215858322102363,0.02464203368872404,,,,,,
,,101.321686384,,,260,,,,,0.9845903515815735,,,476.0,,,,1762900621.0407727,,,,,,,,,,,,-7.177805584799302e-05,0.01938029583543539,,,,,,
,,101.722200987,,,261,,,,,1.0173501431941987,,,478.0,,,,1762900621.4413342,,,,,,,,,,,,-0.004163336965255482,0.02805642895400524,,,,,,
,,102.164829668,,,262,,,,,1.0858201026916503,,,480.0,,,,1762900621.8840399,,,,,,,,,,,,-0.0022413339389022015,0.03297342881560326,,,,,,
,,102.548348143,,,264,,,,,1.1191368103027344,,,482.0,,,,1762900622.2675025,,,,,,,,,,,,-0.00827527039218694,0.0481030385941267,,,,,,
,,102.939380838,,,265,,,,,1.1144204258918762,,,484.0,,,,1762900622.6585526,,,,,,,,,,,,0.002747534696478393,0.04977089911699295,,,,,,
,,103.367368096,,,266,,,,,1.1402783393859863,,,486.0,,,,1762900623.086643,,,,,,,,,,,,-0.0005038244542229009,0.0441496055573225,,,,,,
,,103.76408838,,,267,,,,,1.1536857843399049,,,488.0,,,,1762900623.4832637,,,,,,,,,,,,-0.00022613096219723517,0.054399899765849115,,,,,,
,,104.188895551,,,268,,,,,1.1383864164352417,,,490.0,,,,1762900623.9080539,,,,,,,,,,,,-0.006589119251351772,0.03713987395167351,,,,,,
,,104.56795753,,,269,,,,,1.095101010799408,,,492.0,,,,1762900624.2871165,,,,,,,,,,,,-0.001717910269566314,0.08399029597640037,,,,,,
,,104.962566545,,,270,,,,,1.0525652050971985,,,494.0,,,,1762900624.6816666,,,,,,,,,,,,-0.0011107148708543236,0.037383103370666505,,,,,,
,,105.370822707,,,271,,,,,1.0276920795440674,,,496.0,,,,1762900625.089993,,,,,,,,,,,,-0.00011180591504675875,0.04597720056772232,,,,,,
,,105.766004527,,,272,,,,,1.0642122626304626,,,498.0,,,,1762900625.4850805,,,,,,,,,,,,-0.001603372074081477,0.0309615233913064,,,,,,
,,106.165290975,,,273,,,,,1.102203357219696,,,500.0,,,,1762900625.8844302,,,,,,,,,,,,-0.0006127057002559333,0.04232028946280479,,,,,,
0.0,1.0,106.166495415,143.25,1.0,274,-3.0872042401416375,1.0,56.75,1.0,,0.0,500.0,,0.0,31.45,200.0,1762900625.8857799,0.5,0.0,0.0,0.05,111.75,0.0,200.0,0.0,0.0,0.0,29.7,,,0.0,29.7,0.0,0.0,200.0,0.5
,,107.042169316,,,276,,,,,1.055216920375824,,,504.0,,,,1762900626.76141,,,,,,,,,,,,-0.00040067862405521735,0.04881495535373688,,,,,,
,,107.432327668,,,277,,,,,1.0470263004302978,,,506.0,,,,1762900627.1514206,,,,,,,,,,,,-0.0005849280318653172,0.03971446678042412,,,,,,
,,107.815585017,,,278,,,,,1.0475963950157166,,,508.0,,,,1762900627.53491,,,,,,,,,,,,-0.0012827052706851916,0.035413945093750954,,,,,,
,,108.255108577,,,279,,,,,1.0373234868049621,,,510.0,,,,1762900627.9742591,,,,,,,,,,,,-0.0018935709290089698,0.03054689783602953,,,,,,
,,108.64342527,,,280,,,,,1.0240618109703064,,,512.0,,,,1762900628.3626218,,,,,,,,,,,,-0.0027123593352152754,0.018460832349956036,,,,,,
,,109.029719475,,,281,,,,,1.0338347911834718,,,514.0,,,,1762900628.7488868,,,,,,,,,,,,-0.004032676094677256,0.030902037955820562,,,,,,
,,109.491784913,,,282,,,,,1.0122568249702453,,,516.0,,,,1762900629.2108803,,,,,,,,,,,,-0.0008098851340108126,0.026447306759655474,,,,,,
,,109.875473224,,,283,,,,,0.9950026988983154,,,518.0,,,,1762900629.5946295,,,,,,,,,,,,-0.003321665448835098,0.021277963742613794,,,,,,
0.0,1.0,110.264155245,121.3,1.0,285,-2.9002030388956124,1.0,78.7,1.0,,0.0,520.0,,0.0,22.6,200.0,1762900629.9833221,0.5,0.0,0.0,0.1,98.6,0.0,200.0,0.0,0.0,0.0,29.5,,,0.0,29.5,0.0,0.0,200.0,0.5
,,110.659076862,,,286,,,,,1.0412944674491882,,,522.0,,,,1762900630.378236,,,,,,,,,,,,-0.0030164155440870035,0.03245125375688076,,,,,,
,,111.041719561,,,287,,,,,1.0740938544273377,,,524.0,,,,1762900630.7607856,,,,,,,,,,,,-0.00046540758907198665,0.02466174550354481,,,,,,
,,111.432940004,,,288,,,,,1.0525868654251098,,,526.0,,,,1762900631.1520202,,,,,,,,,,,,-0.0033163143140263695,0.030555301532149314,,,,,,
,,111.819617588,,,289,,,,,1.0214772939682006,,,528.0,,,,1762900631.5387213,,,,,,,,,,,,-0.0005536108020751218,0.025132209807634354,,,,,,
,,112.217640506,,,290,,,,,0.9930605053901672,,,530.0,,,,1762900631.9368372,,,,,,,,,,,,-0.0041563366936752996,0.021688665635883807,,,,,,
,,112.617645538,,,291,,,,,0.9293829083442688,,,532.0,,,,1762900632.3368134,,,,,,,,,,,,9.695054905023425e-06,0.019024239107966422,,,,,,
,,112.991086357,,,292,,,,,0.9184771955013276,,,534.0,,,,1762900632.7102404,,,,,,,,,,,,0.00029754447756564774,0.01401927936822176,,,,,,
,,113.450039057,,,293,,,,,0.9060025036334991,,,536.0,,,,1762900633.169156,,,,,,,,,,,,-0.001298145500884873,0.018797986023128033,,,,,,
,,113.832422647,,,294,,,,,0.8892111003398895,,,538.0,,,,1762900633.5516574,,,,,,,,,,,,-6.098461082002515e-05,0.02563469186425209,,,,,,
,,114.250770822,,,295,,,,,0.8997637391090393,,,540.0,,,,1762900633.9699318,,,,,,,,,,,,-0.007736659835558513,0.012365048937499522,,,,,,
0.0,1.0,114.251867966,83.95,1.0,296,-2.7885638013010072,1.0,116.05,1.0,,0.0,540.0,,0.0,19.35,200.0,1762900633.9712458,0.49735174179077146,0.0,0.0,0.05,64.55,0.0,200.0,0.0,0.0,0.0,29.75,,,0.0,29.75,0.0,0.0,200.0,0.49735174179077146
,,114.641234733,,,297,,,,,0.9259990513324737,,,542.0,,,,1762900634.3603883,,,,,,,,,,,,-0.0006177572889719318,0.013694507163017988,,,,,,
,,115.449169145,,,299,,,,,0.8505615651607513,,,546.0,,,,1762900635.1683183,,,,,,,,,,,,-0.0018462905355263182,0.016247056424617767,,,,,,
,,115.8341646,,,300,,,,,0.847321480512619,,,548.0,,,,1762900635.5533135,,,,,,,,,,,,-1.8033979504394893e-06,0.03627027943730354,,,,,,
,,116.22114234,,,301,,,,,0.8866660296916962,,,550.0,,,,1762900635.9404237,,,,,,,,,,,,-0.00030603169734249035,0.04291607141494751,,,,,,
,,116.607049723,,,302,,,,,0.9329740405082703,,,552.0,,,,1762900636.3260744,,,,,,,,,,,,-0.0006214867664674273,0.02147588636726141,,,,,,
,,116.996818706,,,303,,,,,0.9757684767246246,,,554.0,,,,1762900636.7159207,,,,,,,,,,,,0.00010775267834102209,0.014648874010890722,,,,,,
,,117.395853563,,,304,,,,,1.0077386617660522,,,556.0,,,,1762900637.115003,,,,,,,,,,,,-0.0012765762749477716,0.022792833112180232,,,,,,
,,117.783616599,,,305,,,,,1.0570605754852296,,,558.0,,,,1762900637.5027926,,,,,,,,,,,,-0.0020053242879804144,0.045865217596292494,,,,,,
,,118.19855992,,,306,,,,,1.1126005411148072,,,560.0,,,,1762900637.9176257,,,,,,,,,,,,-0.0014665343358647221,0.035794003307819365,,,,,,
0.1,1.0,118.199560729,78.0,1.0,307,-2.762369389980082,1.0,122.0,1.0,,0.0,560.0,,0.0,18.7,200.0,1762900637.918828,0.4865417957305908,0.0,0.0,0.0,59.3,0.0,200.0,0.0,0.0,0.0,30.0,,,0.0,30.0,0.1,0.0,200.0,0.4865417957305908
,,118.585945852,,,308,,,,,1.1505242943763734,,,562.0,,,,1762900638.3049617,,,,,,,,,,,,0.0005188188402971861,0.03338389731943607,,,,,,
,,118.965975722,,,309,,,,,1.15440491437912,,,564.0,,,,1762900638.6852527,,,,,,,,,,,,-0.0006085066703890973,0.05702721104025841,,,,,,
,,119.379709407,,,310,,,,,1.1617121577262879,,,566.0,,,,1762900639.0989141,,,,,,,,,,,,-0.0018247091065713983,0.029107867553830147,,,,,,
,,119.766314758,,,311,,,,,1.1674705386161803,,,568.0,,,,1762900639.4855068,,,,,,,,,,,,-0.0005127489592414491,0.058992686495184896,,,,,,
,,120.164277607,,,312,,,,,1.152687096595764,,,570.0,,,,1762900639.8834875,,,,,,,,,,,,-0.0008311896039012723,0.039201338216662406,,,,,,
,,120.54923443,,,313,,,,,1.1334839105606078,,,572.0,,,,1762900640.268422,,,,,,,,,,,,-0.0009759192361379121,0.051883576437830925,,,,,,
,,120.934122006,,,314,,,,,1.0978975892066956,,,574.0,,,,1762900640.6533523,,,,,,,,,,,,-0.011815294919768338,0.04949273206293583,,,,,,
,,121.346088459,,,315,,,,,1.008406788110733,,,576.0,,,,1762900641.0652564,,,,,,,,,,,,-0.0035940293178428283,0.03709269426763058,,,,,,
,,121.752612819,,,316,,,,,0.9177554905414581,,,578.0,,,,1762900641.471758,,,,,,,,,,,,-0.011641744669526588,0.029927316680550577,,,,,,
,,122.191005453,,,317,,,,,0.8187707424163818,,,580.0,,,,1762900641.9101841,,,,,,,,,,,,0.0004848680390278304,0.020680633559823035,,,,,,
0.0,1.0,122.19209358,100.6,1.0,318,-2.9830287386557366,1.0,99.4,1.0,,0.0,580.0,,0.0,28.15,200.0,1762900641.9113917,0.5,0.0,0.0,0.0,72.45,0.0,200.0,0.0,0.0,0.0,30.0,,,0.0,30.0,0.0,0.0,200.0,0.5
,,122.574509963,,,319,,,,,0.8398790061473846,,,582.0,,,,1762900642.293693,,,,,,,,,,,,-0.002587891251430818,0.030794831365346907,,,,,,
,,122.959800142,,,320,,,,,0.8757134318351746,,,584.0,,,,1762900642.6789293,,,,,,,,,,,,0.0010791873733978718,0.01693229004740715,,,,,,
,,123.345764056,,,321,,,,,0.8836561024188996,,,586.0,,,,1762900643.065006,,,,,,,,,,,,-0.0003813080705294958,0.04824742786586285,,,,,,
,,123.730201311,,,322,,,,,0.9084971964359283,,,588.0,,,,1762900643.4492865,,,,,,,,,,,,-0.001970216506475486,0.026207875274121762,,,,,,
,,124.127034838,,,323,,,,,0.9155309140682221,,,590.0,,,,1762900643.846261,,,,,,,,,,,,-0.0030043327091261673,0.03362306542694569,,,,,,
,,124.507526521,,,324,,,,,0.92724729180336,,,592.0,,,,1762900644.2266972,,,,,,,,,,,,-0.0009850001133163034,0.03839502222836018,,,,,,
,,124.989412599,,,325,,,,,0.9574239015579223,,,594.0,,,,1762900644.708626,,,,,,,,,,,,-0.00026300095646369925,0.038515779003500936,,,,,,
,,125.475243046,,,326,,,,,0.9891011714935303,,,596.0,,,,1762900645.1945128,,,,,,,,,,,,0.00011328314989804689,0.05359749235212803,,,,,,
,,125.944898274,,,327,,,,,0.9877948105335236,,,598.0,,,,1762900645.6640527,,,,,,,,,,,,-0.0006564478695218146,0.03425471670925617,,,,,,
,,126.35516637,,,328,,,,,0.9914381861686706,,,600.0,,,,1762900646.0744042,,,,,,,,,,,,0.00035034297930542914,0.04362097531557083,,,,,,
0.0,1.0,126.356687825,64.2,1.0,329,-2.9572659778022827,1.0,135.8,1.0,,0.0,600.0,,0.0,23.15,200.0,1762900646.0759518,0.5,0.0,0.0,0.2,40.85,0.0,200.0,0.0,0.0,0.0,28.85,,,0.0,28.85,0.0,0.0,200.0,0.5
,,126.762560569,,,330,,,,,0.9697289824485779,,,602.0,,,,1762900646.481742,,,,,,,,,,,,-0.003893911953084217,0.059985504299402234,,,,,,
,,127.194847517,,,331,,,,,0.9794756710529328,,,604.0,,,,1762900646.9140089,,,,,,,,,,,,-0.003697558248881272,0.04748625494539738,,,,,,
,,127.68449149,,,332,,,,,1.100425088405609,,,606.0,,,,1762900647.4036047,,,,,,,,,,,,-0.0052432269556447865,0.04387220293283463,,,,,,
,,128.112304735,,,333,,,,,1.164619469642639,,,608.0,,,,1762900647.8313935,,,,,,,,,,,,5.931329599118129e-05,0.06841880679130555,,,,,,
,,128.522249929,,,334,,,,,1.1501279950141907,,,610.0,,,,1762900648.2414095,,,,,,,,,,,,-0.0007316907539134832,0.0749283753335476,,,,,,
,,128.908925859,,,335,,,,,1.1586572647094726,,,612.0,,,,1762900648.6280947,,,,,,,,,,,,-0.0013049845355562971,0.05537821762263775,,,,,,
,,129.293580389,,,336,,,,,1.166059958934784,,,614.0,,,,1762900649.012754,,,,,,,,,,,,-0.0019805586166912635,0.0494628369808197,,,,,,
,,129.680412521,,,337,,,,,1.1471913695335387,,,616.0,,,,1762900649.3996015,,,,,,,,,,,,-0.0010028295279189692,0.05041851587593556,,,,,,
,,130.109108103,,,338,,,,,1.1370689272880554,,,618.0,,,,1762900649.8283143,,,,,,,,,,,,-0.0031166585906175826,0.04267752878367901,,,,,,
,,130.51877867,,,339,,,,,1.0929417490959168,,,620.0,,,,1762900650.2379854,,,,,,,,,,,,-0.0027836974257370527,0.03571406379342079,,,,,,
0.0,1.0,130.51987217,91.75,1.0,340,-3.1093688258767207,1.0,108.25,1.0,,0.0,620.0,,0.0,34.65,200.0,1762900650.239202,0.5,0.0,0.0,0.0,57.1,0.0,200.0,0.0,0.0,0.0,30.0,,,0.0,30.0,0.0,0.0,200.0,0.5
,,130.917778151,,,341,,,,,1.0361624598503112,,,622.0,,,,1762900650.6368556,,,,,,,,,,,,-0.0057790554710663855,0.03702305853366852,,,,,,
,,131.323742678,,,342,,,,,1.010123336315155,,,624.0,,,,1762900651.042774,,,,,,,,,,,,-0.002498980026575737,0.03553194068372249,,,,,,
,,132.262413323,,,344,,,,,1.069148600101471,,,628.0,,,,1762900651.9816132,,,,,,,,,,,,-0.000464665399806119,0.03687084317207336,,,,,,
,,133.208277302,,,346,,,,,1.1059918999671936,,,632.0,,,,1762900652.9275503,,,,,,,,,,,,-0.0005513405736455645,0.05103977285325527,,,,,,
,,133.717648297,,,347,,,,,1.1356048345565797,,,634.0,,,,1762900653.4368076,,,,,,,,,,,,-0.005237070871749872,0.05846269764006138,,,,,,
,,134.116490379,,,348,,,,,1.189718210697174,,,636.0,,,,1762900653.8356805,,,,,,,,,,,,-0.0018582831330131277,0.0570761177688837,,,,,,
,,134.601651791,,,349,,,,,1.2395972728729248,,,638.0,,,,1762900654.320708,,,,,,,,,,,,-0.005595906266011319,0.06418979987502098,,,,,,
,,135.083625711,,,350,,,,,1.2839884161949158,,,640.0,,,,1762900654.8028474,,,,,,,,,,,,0.001893663720926142,0.058238135278224946,,,,,,
0.0,1.0,135.084767241,87.0,1.0,351,-3.1086525078888005,1.0,113.0,1.0,,0.0,640.0,,0.0,33.15,200.0,1762900654.8040907,0.5,0.0,0.0,0.0,53.85,0.0,200.0,0.0,0.0,0.0,30.0,,,0.0,30.0,0.0,0.0,200.0,0.5
,,135.473549096,,,352,,,,,1.2718418836593628,,,642.0,,,,1762900655.1927185,,,,,,,,,,,,-0.003720425727777199,0.07440003082156181,,,,,,
,,135.933507912,,,353,,,,,1.2554842591285706,,,644.0,,,,1762900655.6526968,,,,,,,,,,,,-0.000637034766608835,0.06825693920254708,,,,,,
,,136.399185896,,,354,,,,,1.2588305354118348,,,646.0,,,,1762900656.1183949,,,,,,,,,,,,-0.0007129174889123569,0.0627433679997921,,,,,,
,,136.800340769,,,355,,,,,1.3073583006858827,,,648.0,,,,1762900656.5194829,,,,,,,,,,,,-0.0021637305355397983,0.06633452698588371,,,,,,
,,137.754110982,,,357,,,,,1.3024329662322998,,,652.0,,,,1762900657.4732795,,,,,,,,,,,,-0.0005248954278650686,0.12339224740862846,,,,,,
,,138.196759087,,,358,,,,,1.288412582874298,,,654.0,,,,1762900657.9159598,,,,,,,,,,,,-0.002313209699350338,0.07608796507120133,,,,,,
,,138.582762628,,,359,,,,,1.295946967601776,,,656.0,,,,1762900658.3019915,,,,,,,,,,,,-0.006122181183891229,0.08759040087461471,,,,,,
,,138.981175541,,,360,,,,,1.312471044063568,,,658.0,,,,1762900658.7002969,,,,,,,,,,,,-0.0009540211042622815,0.08287506252527237,,,,,,
,,139.422580716,,,361,,,,,1.2806804180145264,,,660.0,,,,1762900659.1417062,,,,,,,,,,,,-0.004780897313030508,0.08137209191918374,,,,,,
0.0,1.0,139.423976142,124.85,1.0,362,-3.5818122425485925,1.0,75.15,1.0,,0.0,660.0,,0.0,55.35,200.0,1762900659.1432467,0.5,0.0,0.0,0.0,69.5,0.0,200.0,0.0,0.0,0.0,30.0,,,0.0,30.0,0.0,0.0,200.0,0.5
,,139.820020623,,,363,,,,,1.2338929533958436,,,662.0,,,,1762900659.539224,,,,,,,,,,,,-0.000772691941085224,0.06328677013516426,,,,,,
,,140.234581036,,,364,,,,,1.2216643691062927,,,664.0,,,,1762900659.9538474,,,,,,,,,,,,-0.0034678112771362015,0.06853071674704551,,,,,,
,,140.646803314,,,365,,,,,1.1927429914474488,,,666.0,,,,1762900660.3659427,,,,,,,,,,,,-0.0013446736043697615,0.09551912546157837,,,,,,
,,141.068383972,,,366,,,,,1.1786463379859924,,,668.0,,,,1762900660.787574,,,,,,,,,,,,-0.005972129710600705,0.06012748330831528,,,,,,
,,141.462044595,,,367,,,,,1.2224031329154967,,,670.0,,,,1762900661.1812682,,,,,,,,,,,,-0.005189712436403937,0.06612711995840073,,,,,,
,,142.257922035,,,369,,,,,1.199223268032074,,,674.0,,,,1762900661.977056,,,,,,,,,,,,-0.002904676855076094,0.05038703456521034,,,,,,
,,142.647787373,,,370,,,,,1.202638280391693,,,676.0,,,,1762900662.3669627,,,,,,,,,,,,-0.0022988161091925365,0.050079191103577614,,,,,,
,,143.090310244,,,371,,,,,1.2578235864639282,,,678.0,,,,1762900662.809354,,,,,,,,,,,,-0.004532926374115042,0.053765834867954256,,,,,,
,,143.562430129,,,372,,,,,1.2957244277000428,,,680.0,,,,1762900663.281607,,,,,,,,,,,,0.001424318755510967,0.07708562389016152,,,,,,
0.0,1.0,143.563852942,142.25,1.0,373,-3.3445144291347675,1.0,57.75,1.0,,0.0,680.0,,0.0,45.5,200.0,1762900663.2830734,0.5,0.0,0.0,0.05,96.7,0.0,200.0,0.0,0.0,0.0,29.75,,,0.0,29.75,0.0,0.0,200.0,0.5
,,144.001711213,,,374,,,,,1.2906927824020387,,,682.0,,,,1762900663.7209234,,,,,,,,,,,,-0.0022144813253547114,0.06538825184106827,,,,,,
,,144.403581279,,,375,,,,,1.2337184429168702,,,684.0,,,,1762900664.1227672,,,,,,,,,,,,-0.007763477446977052,0.07491043508052826,,,,,,
,,144.788120907,,,376,,,,,1.149620485305786,,,686.0,,,,1762900664.507332,,,,,,,,,,,,-0.003333278088597602,0.05750543810427189,,,,,,
,,145.964939409,,,379,,,,,1.0183415770530702,,,692.0,,,,1762900665.6841023,,,,,,,,,,,,-0.0028535188323584038,0.03254380747675896,,,,,,
,,146.743184477,,,381,,,,,0.9726767539978027,,,696.0,,,,1762900666.462352,,,,,,,,,,,,-0.00030901286902373926,0.06273701451718808,,,,,,
,,147.15026661,,,382,,,,,1.0369647026062012,,,698.0,,,,1762900666.8694959,,,,,,,,,,,,-0.0003153953499568374,0.049849550053477285,,,,,,
,,147.533052576,,,383,,,,,1.0644708156585694,,,700.0,,,,1762900667.2521322,,,,,,,,,,,,-0.0032700574876507902,0.0615092609077692,,,,,,
0.0,1.0,147.534152761,156.95,1.0,384,-3.1834071180514263,1.0,43.05,1.0,,0.0,700.0,,0.0,38.4,200.0,1762900667.253502,0.5,0.0,0.0,0.05,118.5,0.0,200.0,0.0,0.0,0.0,29.7,,,0.0,29.7,0.0,0.0,200.0,0.5
,,147.913800677,,,385,,,,,1.1202654123306275,,,702.0,,,,1762900667.6329725,,,,,,,,,,,,-0.00022645950393780369,0.052300352975726126,,,,,,
,,148.388089896,,,386,,,,,1.1672214150428772,,,704.0,,,,1762900668.107326,,,,,,,,,,,,-0.0022447417593793872,0.06101612858474255,,,,,,
,,149.346653167,,,388,,,,,1.169993245601654,,,708.0,,,,1762900669.0658104,,,,,,,,,,,,-0.0022806850881315734,0.07261897921562195,,,,,,
,,149.833748626,,,389,,,,,1.1380636811256408,,,710.0,,,,1762900669.5529208,,,,,,,,,,,,-0.0013062476266495703,0.06344936713576317,,,,,,
,,150.243208215,,,390,,,,,1.098483943939209,,,712.0,,,,1762900669.9624557,,,,,,,,,,,,-0.0002953748642176457,0.0537072915583849,,,,,,
,,150.655841241,,,391,,,,,1.0741177201271057,,,714.0,,,,1762900670.3751478,,,,,,,,,,,,-0.0013237085145664906,0.05357889123260975,,,,,,
,,151.050454164,,,392,,,,,1.0361162900924683,,,716.0,,,,1762900670.7696862,,,,,,,,,,,,-0.002109048328362384,0.050198160111904144,,,,,,
,,151.457108567,,,393,,,,,0.979887169599533,,,718.0,,,,1762900671.176307,,,,,,,,,,,,-0.0007984003866804201,0.05297591462731362,,,,,,
,,151.842715457,,,394,,,,,0.9950062751770019,,,720.0,,,,1762900671.5619712,,,,,,,,,,,,-0.0010143680240726205,0.039192060381174086,,,,,,
,,152.333549481,,,396,,,,,1.0056445062160493,,,722.0,,,,1762900672.0527244,,,,,,,,,,,,-0.00048407709303130984,0.05091225393116474,,,,,,
,,152.734757539,,,397,,,,,1.0098525822162627,,,724.0,,,,1762900672.4539516,,,,,,,,,,,,-0.0010351106896269613,0.047528816387057304,,,,,,
,,153.144136576,,,398,,,,,1.0784462928771972,,,726.0,,,,1762900672.8633358,,,,,,,,,,,,-0.0012988478663610082,0.03668434768915176,,,,,,
,,153.558186213,,,399,,,,,1.1045426964759826,,,728.0,,,,1762900673.2773955,,,,,,,,,,,,-0.00040212796442213873,0.040026696398854256,,,,,,
,,153.960771412,,,400,,,,,1.0960733413696289,,,730.0,,,,1762900673.6800244,,,,,,,,,,,,-0.00232439811620857,0.06178857013583183,,,,,,
,,154.347612564,,,401,,,,,1.1430232882499696,,,732.0,,,,1762900674.0668106,,,,,,,,,,,,-2.338111270363541e-05,0.047233736515045165,,,,,,
,,154.733760583,,,402,,,,,1.1953690767288208,,,734.0,,,,1762900674.4530337,,,,,,,,,,,,-0.006558669587597344,0.043321183696389196,,,,,,
,,155.129529353,,,403,,,,,1.2514535069465638,,,736.0,,,,1762900674.84875,,,,,,,,,,,,0.0005204746579693164,0.06118692085146904,,,,,,
,,155.513270795,,,404,,,,,1.287803328037262,,,738.0,,,,1762900675.2324383,,,,,,,,,,,,-0.000845716340292757,0.05822601765394211,,,,,,
,,155.996841091,,,405,,,,,1.3077104806900024,,,740.0,,,,1762900675.7160127,,,,,,,,,,,,2.0255084935349998e-05,0.0705123282968998,,,,,,
0.0,1.0,155.998036728,142.95,1.0,406,-3.1486540410080104,1.0,57.05,1.0,,0.0,740.0,,0.0,36.75,200.0,1762900675.7173626,0.5,0.0,0.0,0.05,106.15,0.0,200.0,0.0,0.0,0.0,29.75,,,0.0,29.75,0.0,0.0,200.0,0.5
,,156.418875946,,,407,,,,,1.331612753868103,,,742.0,,,,1762900676.1380067,,,,,,,,,,,,-0.0008106734609464539,0.06299551278352737,,,,,,
,,156.810550516,,,408,,,,,1.350057566165924,,,744.0,,,,1762900676.5297785,,,,,,,,,,,,-0.0017363156832288951,0.09562039449810981,,,,,,
,,157.293776687,,,409,,,,,1.3548677444458008,,,746.0,,,,1762900677.0128512,,,,,,,,,,,,-0.0007110404834094197,0.09328705370426178,,,,,,
,,157.779909593,,,410,,,,,1.3453372597694397,,,748.0,,,,1762900677.4991045,,,,,,,,,,,,-0.0016377844522358132,0.09233182147145272,,,,,,
,,158.573478159,,,412,,,,,1.321432626247406,,,752.0,,,,1762900678.292604,,,,,,,,,,,,-0.006247570749372234,0.07247857972979546,,,,,,
,,158.976994199,,,413,,,,,1.3376376509666443,,,754.0,,,,1762900678.696105,,,,,,,,,,,,-0.00015963291330258755,0.07662148773670197,,,,,,
,,159.427606545,,,414,,,,,1.355113685131073,,,756.0,,,,1762900679.1468105,,,,,,,,,,,,-0.002179753245262006,0.07221276760101318,,,,,,
,,159.914180664,,,415,,,,,1.3409716606140136,,,758.0,,,,1762900679.6333785,,,,,,,,,,,,-0.005436211429070692,0.07866115495562553,,,,,,
,,160.353693058,,,416,,,,,1.3401031613349914,,,760.0,,,,1762900680.07297,,,,,,,,,,,,-0.002627904390334157,0.0775783158838749,,,,,,
0.05,1.0,160.355076856,132.4,1.0,417,-3.6190942406092956,1.0,67.6,1.0,,0.0,760.0,,0.0,60.8,200.0,1762900680.074318,0.5,0.0,0.0,0.05,71.55,0.0,200.0,0.0,0.0,0.0,29.75,,,0.0,29.75,0.05,0.0,200.0,0.5
,,160.830178489,,,418,,,,,1.3461374044418335,,,762.0,,,,1762900680.549339,,,,,,,,,,,,-0.00250713459443066,0.08456004038453102,,,,,,
,,161.674836139,,,420,,,,,1.3832795023918152,,,766.0,,,,1762900681.3939993,,,,,,,,,,,,-0.0022393726651789513,0.10789895951747894,,,,,,
,,162.092287394,,,421,,,,,1.3898681163787843,,,768.0,,,,1762900681.8115518,,,,,,,,,,,,-6.05125400616302e-05,0.10847096890211105,,,,,,
,,162.487366378,,,422,,,,,1.3767961621284486,,,770.0,,,,1762900682.206558,,,,,,,,,,,,-0.005630072341067738,0.12435066998004914,,,,,,
,,162.871072359,,,423,,,,,1.354690182209015,,,772.0,,,,1762900682.5902426,,,,,,,,,,,,-0.0027930000809719855,0.11311632618308068,,,,,,
,,163.264095967,,,424,,,,,1.3142584919929505,,,774.0,,,,1762900682.9831946,,,,,,,,,,,,-0.011096507786773114,0.10333977192640305,,,,,,
,,163.681570457,,,425,,,,,1.2476719617843628,,,776.0,,,,1762900683.4008462,,,,,,,,,,,,-0.0019432915088254178,0.07665328979492188,,,,,,
,,164.075037001,,,426,,,,,1.2147856950759888,,,778.0,,,,1762900683.79421,,,,,,,,,,,,-0.002727716396911717,0.06712251603603363,,,,,,
,,164.47085589,,,427,,,,,1.1801722526550293,,,780.0,,,,1762900684.1900096,,,,,,,,,,,,-0.004832617211854062,0.0558940339833498,,,,,,
0.0,1.0,164.471885422,131.85,1.0,428,-3.752769057811746,1.0,68.15,1.0,,0.0,780.0,,0.0,67.05,200.0,1762900684.1912465,0.5,0.0,0.0,0.05,64.75,0.0,200.0,0.0,0.0,0.0,29.7,,,0.0,29.7,0.0,0.0,200.0,0.5
,,164.865026888,,,429,,,,,1.1559877514839172,,,782.0,,,,1762900684.584216,,,,,,,,,,,,-4.843115808035314e-05,0.06910678148269653,,,,,,
,,165.317372879,,,430,,,,,1.1387968897819518,,,784.0,,,,1762900685.036645,,,,,,,,,,,,-0.00014708292132850075,0.04703992865979671,,,,,,
,,165.708608326,,,431,,,,,1.1297052025794982,,,786.0,,,,1762900685.4278884,,,,,,,,,,,,-0.0005243010453723329,0.04334560483694076,,,,,,
,,166.102275925,,,432,,,,,1.098924994468689,,,788.0,,,,1762900685.8213599,,,,,,,,,,,,-0.0011248425546218853,0.05427438989281654,,,,,,
,,166.499028611,,,433,,,,,1.0898979544639587,,,790.0,,,,1762900686.2181942,,,,,,,,,,,,-0.000529168110049838,0.042669139429926874,,,,,,
,,166.922840076,,,434,,,,,1.1041608095169066,,,792.0,,,,1762900686.642027,,,,,,,,,,,,-0.0013199405595951674,0.05170610584318638,,,,,,
,,167.739324586,,,436,,,,,1.2043142795562745,,,796.0,,,,1762900687.4585032,,,,,,,,,,,,-0.0008126272980007343,0.04206165783107281,,,,,,
,,168.177433279,,,437,,,,,1.2166850209236144,,,798.0,,,,1762900687.896445,,,,,,,,,,,,-0.0003047773763919182,0.05079967007040977,,,,,,
0.0,1.0,168.569106164,133.8,1.0,439,-3.066913576340583,1.0,66.2,1.0,,0.0,800.0,,0.0,33.7,200.0,1762900688.2883823,0.5,0.0,0.0,0.0,100.1,0.0,200.0,0.0,0.0,0.0,30.0,,,0.0,30.0,0.0,0.0,200.0,0.5
,,168.964123667,,,440,,,,,1.2247607350349425,,,802.0,,,,1762900688.6833043,,,,,,,,,,,,-0.0010227761057321593,0.06696950569748879,,,,,,
,,169.381259657,,,441,,,,,1.2102516770362854,,,804.0,,,,1762900689.1003993,,,,,,,,,,,,-0.0011345962151535715,0.0564918514341116,,,,,,
,,169.766006702,,,442,,,,,1.2122937798500062,,,806.0,,,,1762900689.4851875,,,,,,,,,,,,-0.0012558094210106674,0.07094225883483887,,,,,,
,,170.156166782,,,443,,,,,1.2348368644714356,,,808.0,,,,1762900689.8752973,,,,,,,,,,,,0.00010388231076667865,0.05442894697189331,,,,,,
,,170.542652824,,,444,,,,,1.2357235074043273,,,810.0,,,,1762900690.2619498,,,,,,,,,,,,-0.0013956966055557185,0.0666596956551075,,,,,,
,,170.942576368,,,445,,,,,1.2411752104759217,,,812.0,,,,1762900690.661721,,,,,,,,,,,,-1.3614177405507633e-05,0.05766511708498001,,,,,,
,,171.377496979,,,446,,,,,1.2710138797760009,,,814.0,,,,1762900691.0967376,,,,,,,,,,,,-0.00035379737160110556,0.06778046861290932,,,,,,
,,171.771181377,,,447,,,,,1.2904125332832337,,,816.0,,,,1762900691.4903562,,,,,,,,,,,,-0.0031340902989031695,0.09474418908357621,,,,,,
,,172.179709572,,,448,,,,,1.3242778420448302,,,818.0,,,,1762900691.8988702,,,,,,,,,,,,0.0007949351876741062,0.07893330305814743,,,,,,
,,172.559702402,,,449,,,,,1.349782121181488,,,820.0,,,,1762900692.2789705,,,,,,,,,,,,-0.0018400575862033363,0.08153248652815819,,,,,,
0.0,1.0,172.560829379,146.45,1.0,450,-3.4357852824208073,1.0,53.55,1.0,,0.0,820.0,,0.0,51.75,200.0,1762900692.280144,0.5,0.0,0.0,0.05,94.65,0.0,200.0,0.0,0.0,0.0,29.75,,,0.0,29.75,0.0,0.0,200.0,0.5
,,172.9546488,,,451,,,,,1.3641605257987977,,,822.0,,,,1762900692.6739175,,,,,,,,,,,,-0.003701809377060261,0.09976193457841873,,,,,,
,,173.422145225,,,452,,,,,1.3376993536949158,,,824.0,,,,1762900693.1413026,,,,,,,,,,,,-0.0032340633182322163,0.08131199106574058,,,,,,
,,173.857553421,,,453,,,,,1.31308673620224,,,826.0,,,,1762900693.5768523,,,,,,,,,,,,-0.0031282372957358363,0.06657097414135933,,,,,,
,,174.281936816,,,454,,,,,1.3132556438446046,,,828.0,,,,1762900694.001223,,,,,,,,,,,,-0.00011930322943953797,0.08684272021055221,,,,,,
,,174.667963023,,,455,,,,,1.3222892045974732,,,830.0,,,,1762900694.387173,,,,,,,,,,,,-0.0005621576201519929,0.08927442878484726,,,,,,
,,175.111488455,,,456,,,,,1.3335798501968383,,,832.0,,,,1762900694.830675,,,,,,,,,,,,-0.0001494744862428732,0.09563514292240143,,,,,,
,,175.49754918,,,457,,,,,1.3054790854454041,,,834.0,,,,1762900695.216826,,,,,,,,,,,,-0.002300115649937684,0.08230258151888847,,,,,,
,,175.893761588,,,458,,,,,1.2803756237030028,,,836.0,,,,1762900695.6130514,,,,,,,,,,,,-0.0010529031413052613,0.06179684177041054,,,,,,
,,176.280272625,,,459,,,,,1.2803697466850281,,,838.0,,,,1762900695.999421,,,,,,,,,,,,-0.0008092069415142733,0.06905655562877655,,,,,,
,,176.670386869,,,460,,,,,1.2800328731536865,,,840.0,,,,1762900696.3895257,,,,,,,,,,,,-0.0018543288412185889,0.05910536274313927,,,,,,
0.0,1.0,176.671516109,128.65,1.0,461,-3.554225336786435,1.0,71.35,1.0,,0.0,840.0,,0.0,57.5,200.0,1762900696.3908296,0.5,0.0,0.0,0.05,71.1,0.0,200.0,0.0,0.0,0.0,29.75,,,0.0,29.75,0.0,0.0,200.0,0.5
,,177.091750902,,,462,,,,,1.3037840247154235,,,842.0,,,,1762900696.8108997,,,,,,,,,,,,0.0011481938243377953,0.07528800368309022,,,,,,
,,177.575450076,,,463,,,,,1.3029309391975403,,,844.0,,,,1762900697.2947342,,,,,,,,,,,,-0.0010433878622716718,0.08407697603106498,,,,,,
,,177.98818068,,,464,,,,,1.2805095672607423,,,846.0,,,,1762900697.7073336,,,,,,,,,,,,-0.00285556162567806,0.07802911773324013,,,,,,
,,178.382644533,,,465,,,,,1.26702378988266,,,848.0,,,,1762900698.1019707,,,,,,,,,,,,-0.0008352064766475209,0.06113709323108196,,,,,,
,,178.764709556,,,466,,,,,1.305088746547699,,,850.0,,,,1762900698.4838684,,,,,,,,,,,,-0.0061055729747749865,0.060823637247085574,,,,,,
,,179.567357837,,,468,,,,,1.360703945159912,,,854.0,,,,1762900699.2865822,,,,,,,,,,,,-0.0004619461071269981,0.10597998723387718,,,,,,
,,179.951222885,,,469,,,,,1.3649126887321472,,,856.0,,,,1762900699.6704137,,,,,,,,,,,,0.0003732695517538076,0.09981849491596222,,,,,,
,,180.430974955,,,470,,,,,1.379524564743042,,,858.0,,,,1762900700.1501353,,,,,,,,,,,,-0.006901134980376788,0.08947536051273346,,,,,,
,,180.818226822,,,471,,,,,1.3936346530914308,,,860.0,,,,1762900700.5374546,,,,,,,,,,,,-0.0005047390324035561,0.12473033592104912,,,,,,
0.0,1.0,180.819285251,119.35,1.0,472,-3.7008025118019874,1.0,80.65,1.0,,0.0,860.0,,0.0,65.5,200.0,1762900700.5386517,0.5,0.0,0.0,0.0,53.85,0.0,200.0,0.0,0.0,0.0,30.0,,,0.0,30.0,0.0,0.0,200.0,0.5
,,181.266485081,,,473,,,,,1.3990335702896117,,,862.0,,,,1762900700.9856992,,,,,,,,,,,,-0.001197352366172666,0.11251449137926102,,,,,,
,,181.652037155,,,474,,,,,1.3936676144599915,,,864.0,,,,1762900701.3712003,,,,,,,,,,,,-0.007921903648879436,0.12722931802272797,,,,,,
,,182.049597075,,,475,,,,,1.3625441551208497,,,866.0,,,,1762900701.768855,,,,,,,,,,,,-0.001783086948489654,0.09493636861443519,,,,,,
,,182.445981153,,,476,,,,,1.3373369932174684,,,868.0,,,,1762900702.1651692,,,,,,,,,,,,-0.004339041880099081,0.08280072286725045,,,,,,
,,182.848725165,,,477,,,,,1.2856629014015197,,,870.0,,,,1762900702.568033,,,,,,,,,,,,-0.0019533241271274095,0.07890503853559494,,,,,,
,,183.651317244,,,479,,,,,1.200141143798828,,,874.0,,,,1762900703.3706312,,,,,,,,,,,,0.0006751413194579392,0.07749662697315216,,,,,,
,,184.071900626,,,480,,,,,1.2596480965614318,,,876.0,,,,1762900703.7910614,,,,,,,,,,,,-0.003962205531308438,0.06861685961484909,,,,,,
,,184.473459487,,,481,,,,,1.325384533405304,,,878.0,,,,1762900704.1926992,,,,,,,,,,,,0.001563365652458737,0.08605996072292328,,,,,,
,,184.897460355,,,482,,,,,1.3341788053512573,,,880.0,,,,1762900704.616711,,,,,,,,,,,,-0.0017340538065472976,0.09189732447266578,,,,,,
0.0,1.0,184.898798187,159.1,1.0,483,-3.7897104843094995,1.0,40.9,1.0,,0.0,880.0,,0.0,67.2,200.0,1762900704.6181357,0.5,0.0,0.0,0.0,91.9,0.0,200.0,0.0,0.0,0.0,30.0,,,0.0,30.0,0.0,0.0,200.0,0.5
,,185.2941851,,,484,,,,,1.299231481552124,,,882.0,,,,1762900705.0134544,,,,,,,,,,,,-0.0014585993034997968,0.08923254311084747,,,,,,
,,185.686035047,,,485,,,,,1.3061014056205749,,,884.0,,,,1762900705.4053283,,,,,,,,,,,,0.0009843848635210152,0.1115977294743061,,,,,,
,,186.073932856,,,486,,,,,1.3136721968650817,,,886.0,,,,1762900705.7931292,,,,,,,,,,,,-0.00047794864384558265,0.08958422541618347,,,,,,
,,186.928720246,,,488,,,,,1.3269318342208862,,,890.0,,,,1762900706.6479814,,,,,,,,,,,,0.00020001363338086886,0.09475912675261497,,,,,,
,,187.334177135,,,489,,,,,1.335708248615265,,,892.0,,,,1762900707.0534463,,,,,,,,,,,,-0.001968400311365226,0.10017579719424248,,,,,,
,,187.728699568,,,490,,,,,1.3528180599212647,,,894.0,,,,1762900707.4478922,,,,,,,,,,,,-0.0034090767861052916,0.13277859538793563,,,,,,
,,188.535883388,,,492,,,,,1.341133677959442,,,898.0,,,,1762900708.2551596,,,,,,,,,,,,-0.0018581607226515029,0.11789971441030503,,,,,,
,,188.948588342,,,493,,,,,1.3438839793205262,,,900.0,,,,1762900708.6677275,,,,,,,,,,,,-0.0014016217960742595,0.09299317300319672,,,,,,
,,189.406632785,,,495,,,,,1.3384369492530823,,,902.0,,,,1762900709.125797,,,,,,,,,,,,-1.1646033586565353e-05,0.07725634947419166,,,,,,
,,189.793969531,,,496,,,,,1.3558268427848816,,,904.0,,,,1762900709.513122,,,,,,,,,,,,-0.0015373239139442774,0.0895337700843811,,,,,,
,,190.197081695,,,497,,,,,1.3638279795646668,,,906.0,,,,1762900709.9161873,,,,,,,,,,,,-0.005427490220870723,0.0957565300166607,,,,,,
,,190.683120447,,,498,,,,,1.3418047666549682,,,908.0,,,,1762900710.4023247,,,,,,,,,,,,0.0008508002826711269,0.08858345076441765,,,,,,
,,191.101693684,,,499,,,,,1.3316113471984863,,,910.0,,,,1762900710.820812,,,,,,,,,,,,-5.4696080704097484e-05,0.07833450213074684,,,,,,
,,191.489103167,,,500,,,,,1.3374058723449707,,,912.0,,,,1762900711.2082615,,,,,,,,,,,,-0.0018920974241918743,0.06466269195079803,,,,,,
,,191.872425883,,,501,,,,,1.3326581120491028,,,914.0,,,,1762900711.5916297,,,,,,,,,,,,0.0006888707746402822,0.07882030382752418,,,,,,
,,192.272688067,,,502,,,,,1.3238572835922242,,,916.0,,,,1762900711.991889,,,,,,,,,,,,-0.001666240867256441,0.0744594007730484,,,,,,
,,192.651478718,,,503,,,,,1.3458274960517884,,,918.0,,,,1762900712.3703983,,,,,,,,,,,,-0.0024782544228946434,0.07295739874243737,,,,,,
,,193.029629077,,,504,,,,,1.3564477443695069,,,920.0,,,,1762900712.748774,,,,,,,,,,,,-0.0014813850776992155,0.11044965162873269,,,,,,
0.05,1.0,193.030775676,141.55,1.0,505,-3.6345055297615176,1.0,58.45,1.0,,0.0,920.0,,0.0,59.25,200.0,1762900712.7501097,0.5,0.0,0.0,0.05,82.25,0.0,200.0,0.0,0.0,0.0,29.7,,,0.0,29.7,0.05,0.0,200.0,0.5
,,193.480824499,,,506,,,,,1.362475848197937,,,922.0,,,,1762900713.1999934,,,,,,,,,,,,-0.002160268693580303,0.0753663994371891,,,,,,
,,193.870840903,,,507,,,,,1.364758014678955,,,924.0,,,,1762900713.5899546,,,,,,,,,,,,-0.00044477127658320014,0.08520295768976212,,,,,,
,,194.308831173,,,508,,,,,1.3663162469863892,,,926.0,,,,1762900714.0280004,,,,,,,,,,,,-0.0006589903803252639,0.09744374006986618,,,,,,
,,194.694204054,,,509,,,,,1.340538489818573,,,928.0,,,,1762900714.41334,,,,,,,,,,,,-0.004344757431419577,0.11274975538253784,,,,,,
,,195.081522309,,,510,,,,,1.292491328716278,,,930.0,,,,1762900714.8007066,,,,,,,,,,,,-0.0009267618436424208,0.08892187252640724,,,,,,
,,195.474728264,,,511,,,,,1.2634587645530702,,,932.0,,,,1762900715.1940384,,,,,,,,,,,,-0.004226841409690607,0.0819963976740837,,,,,,
,,195.852808936,,,512,,,,,1.2295135855674744,,,934.0,,,,1762900715.5719416,,,,,,,,,,,,-0.0026822234960272697,0.0649491660296917,,,,,,
,,196.670701623,,,514,,,,,1.1865352630615233,,,938.0,,,,1762900716.3897629,,,,,,,,,,,,-0.0003176821401957852,0.0449695136398077,,,,,,
,,197.085953303,,,515,,,,,1.1879836440086364,,,940.0,,,,1762900716.8052053,,,,,,,,,,,,-0.0006167650093411581,0.053465642407536505,,,,,,
0.1,1.0,197.087093024,118.45,1.0,516,-3.596928098850975,1.0,81.55,1.0,,0.0,940.0,,0.0,44.95,200.0,1762900716.8064399,0.5,0.0,0.0,0.05,73.45,0.0,200.0,0.0,0.0,0.0,29.75,,,0.0,29.75,0.1,0.0,200.0,0.5
,,197.469148125,,,517,,,,,1.2096216320991515,,,942.0,,,,1762900717.188438,,,,,,,,,,,,-4.7597167344060055e-05,0.04833322800695896,,,,,,
,,197.845686505,,,518,,,,,1.223839271068573,,,944.0,,,,1762900717.5648856,,,,,,,,,,,,-0.0032542585117045775,0.04713360033929348,,,,,,
,,198.273915314,,,519,,,,,1.2662343382835388,,,946.0,,,,1762900717.9931135,,,,,,,,,,,,-0.008027253742329776,0.05204518996179104,,,,,,
,,198.763016653,,,520,,,,,1.2908836245536803,,,948.0,,,,1762900718.4821455,,,,,,,,,,,,-0.0018874964599962852,0.059996220842003824,,,,,,
,,199.227986861,,,521,,,,,1.2784520626068114,,,950.0,,,,1762900718.9471622,,,,,,,,,,,,0.0001544680587830527,0.07379520833492278,,,,,,
,,199.622129425,,,522,,,,,1.260459589958191,,,952.0,,,,1762900719.3413687,,,,,,,,,,,,-0.0029883778412475694,0.08023819327354431,,,,,,
,,200.01232332,,,523,,,,,1.2084695100784302,,,954.0,,,,1762900719.731507,,,,,,,,,,,,-0.0009119702336029434,0.06241271644830704,,,,,,
,,200.405890629,,,524,,,,,1.2018839478492738,,,956.0,,,,1762900720.1250184,,,,,,,,,,,,-0.000635289651292581,0.05248077549040318,,,,,,
,,200.807593771,,,525,,,,,1.2328126788139344,,,958.0,,,,1762900720.5268002,,,,,,,,,,,,-0.0009485564192000418,0.07517006918787957,,,,,,
,,201.197322682,,,526,,,,,1.2827367186546326,,,960.0,,,,1762900720.9164543,,,,,,,,,,,,-0.002854386672377629,0.08043172508478165,,,,,,
0.1,1.0,201.198235095,141.55,1.0,527,-3.3624443677172935,1.0,58.45,1.0,,0.0,960.0,,0.0,43.45,200.0,1762900720.9175925,0.5,0.0,0.0,0.0,98.1,0.0,200.0,0.0,0.0,0.0,30.0,,,0.0,30.0,0.1,0.0,200.0,0.5
,,201.593650042,,,528,,,,,1.3086039543151855,,,962.0,,,,1762900721.3128836,,,,,,,,,,,,-0.0028446390837198353,0.08648112043738365,,,,,,
,,202.046084263,,,529,,,,,1.2566854596138,,,964.0,,,,1762900721.7653332,,,,,,,,,,,,0.0005025548855192241,0.0835386909544468,,,,,,
,,202.441479917,,,530,,,,,1.273454976081848,,,966.0,,,,1762900722.160772,,,,,,,,,,,,-0.0014420115596149197,0.06392333544790745,,,,,,
,,202.83714845,,,531,,,,,1.3202778697013855,,,968.0,,,,1762900722.5563118,,,,,,,,,,,,-0.000479633431790738,0.12656554728746414,,,,,,
,,203.243743055,,,532,,,,,1.3497263193130493,,,970.0,,,,1762900722.9629197,,,,,,,,,,,,0.00040726135490691816,0.08310036212205887,,,,,,
,,204.147734064,,,534,,,,,1.3382256150245666,,,974.0,,,,1762900723.8669653,,,,,,,,,,,,-0.003748250800534336,0.13547669351100922,,,,,,
,,204.540252616,,,535,,,,,1.3025321245193482,,,976.0,,,,1762900724.2595215,,,,,,,,,,,,-0.0006658087769173982,0.10575339719653129,,,,,,
,,204.921334746,,,536,,,,,1.3028332352638246,,,978.0,,,,1762900724.640511,,,,,,,,,,,,0.0003973209778196818,0.085066769272089,,,,,,
,,205.355826072,,,537,,,,,1.2994175195693969,,,980.0,,,,1762900725.0750196,,,,,,,,,,,,-0.00174963306030258,0.09032033011317253,,,,,,
0.1,1.0,205.357141863,153.45,1.0,538,-3.7748708180217867,1.0,46.55,1.0,,0.0,980.0,,0.0,54.35,200.0,1762900725.0764084,0.5,0.0,0.0,0.2,98.9,0.0,200.0,0.0,0.0,0.0,28.9,,,0.0,28.9,0.1,0.0,200.0,0.5
,,205.845764744,,,539,,,,,1.3090285062789917,,,982.0,,,,1762900725.5648782,,,,,,,,,,,,-0.0015502796982181267,0.06955530866980553,,,,,,
,,206.26561631,,,540,,,,,1.2973933815956116,,,984.0,,,,1762900725.9848628,,,,,,,,,,,,-0.002551429218379786,0.0702472522854805,,,,,,
,,206.645679841,,,541,,,,,1.3049018144607545,,,986.0,,,,1762900726.3647316,,,,,,,,,,,,0.0011320018621627348,0.081024432182312,,,,,,
,,207.024498085,,,542,,,,,1.3240149974823,,,988.0,,,,1762900726.7437818,,,,,,,,,,,,-0.002806460538995381,0.07911864891648293,,,,,,
,,207.414010326,,,543,,,,,1.3474518179893493,,,990.0,,,,1762900727.1333058,,,,,,,,,,,,-0.0013630556647530768,0.09597260877490044,,,,,,
,,207.809712664,,,544,,,,,1.353505551815033,,,992.0,,,,1762900727.5287633,,,,,,,,,,,,-0.0006635610861046359,0.0827308401465416,,,,,,
,,208.245908157,,,545,,,,,1.3368094563484192,,,994.0,,,,1762900727.9652007,,,,,,,,,,,,-0.002706034098431687,0.0951857753098011,,,,,,
,,208.634540062,,,546,,,,,1.2920523047447205,,,996.0,,,,1762900728.3537157,,,,,,,,,,,,-0.001363454553531529,0.09353669732809067,,,,,,
,,209.041247954,,,547,,,,,1.2652603387832642,,,998.0,,,,1762900728.7602286,,,,,,,,,,,,-0.004138235951307934,0.07847122326493264,,,,,,
,,209.449253183,,,548,,,,,1.227339494228363,,,1000.0,,,,1762900729.1684725,,,,,,,,,,,,-0.0035614418720360417,0.06526187062263489,,,,,,
0.0,1.0,209.450343131,148.55,1.0,549,-3.6251028776355065,1.0,51.45,1.0,,0.0,1000.0,,0.0,58.45,200.0,1762900729.1697235,0.5,0.0,0.0,0.0,90.1,0.0,200.0,0.0,0.0,0.0,30.0,,,0.0,30.0,0.0,0.0,200.0,0.5
